CREATE DATABASE  IF NOT EXISTS `qagile` /*!40100 DEFAULT CHARACTER SET utf8mb4 COLLATE utf8mb4_0900_ai_ci */ /*!80016 DEFAULT ENCRYPTION='N' */;
USE `qagile`;
-- MySQL dump 10.13  Distrib 8.0.17, for macos10.14 (x86_64)
--
-- Host: localhost    Database: qagile
-- ------------------------------------------------------
-- Server version	8.0.19

/*!40101 SET @OLD_CHARACTER_SET_CLIENT=@@CHARACTER_SET_CLIENT */;
/*!40101 SET @OLD_CHARACTER_SET_RESULTS=@@CHARACTER_SET_RESULTS */;
/*!40101 SET @OLD_COLLATION_CONNECTION=@@COLLATION_CONNECTION */;
/*!50503 SET NAMES utf8 */;
/*!40103 SET @OLD_TIME_ZONE=@@TIME_ZONE */;
/*!40103 SET TIME_ZONE='+00:00' */;
/*!40014 SET @OLD_UNIQUE_CHECKS=@@UNIQUE_CHECKS, UNIQUE_CHECKS=0 */;
/*!40014 SET @OLD_FOREIGN_KEY_CHECKS=@@FOREIGN_KEY_CHECKS, FOREIGN_KEY_CHECKS=0 */;
/*!40101 SET @OLD_SQL_MODE=@@SQL_MODE, SQL_MODE='NO_AUTO_VALUE_ON_ZERO' */;
/*!40111 SET @OLD_SQL_NOTES=@@SQL_NOTES, SQL_NOTES=0 */;

--
-- Table structure for table `auth_group`
--

DROP TABLE IF EXISTS `auth_group`;
/*!40101 SET @saved_cs_client     = @@character_set_client */;
/*!50503 SET character_set_client = utf8mb4 */;
CREATE TABLE `auth_group` (
  `id` int NOT NULL AUTO_INCREMENT,
  `name` varchar(150) NOT NULL,
  PRIMARY KEY (`id`),
  UNIQUE KEY `name` (`name`)
) ENGINE=InnoDB DEFAULT CHARSET=utf8mb4 COLLATE=utf8mb4_0900_ai_ci;
/*!40101 SET character_set_client = @saved_cs_client */;

--
-- Dumping data for table `auth_group`
--

LOCK TABLES `auth_group` WRITE;
/*!40000 ALTER TABLE `auth_group` DISABLE KEYS */;
/*!40000 ALTER TABLE `auth_group` ENABLE KEYS */;
UNLOCK TABLES;

--
-- Table structure for table `auth_group_permissions`
--

DROP TABLE IF EXISTS `auth_group_permissions`;
/*!40101 SET @saved_cs_client     = @@character_set_client */;
/*!50503 SET character_set_client = utf8mb4 */;
CREATE TABLE `auth_group_permissions` (
  `id` int NOT NULL AUTO_INCREMENT,
  `group_id` int NOT NULL,
  `permission_id` int NOT NULL,
  PRIMARY KEY (`id`),
  UNIQUE KEY `auth_group_permissions_group_id_permission_id_0cd325b0_uniq` (`group_id`,`permission_id`),
  KEY `auth_group_permissio_permission_id_84c5c92e_fk_auth_perm` (`permission_id`),
  CONSTRAINT `auth_group_permissio_permission_id_84c5c92e_fk_auth_perm` FOREIGN KEY (`permission_id`) REFERENCES `auth_permission` (`id`),
  CONSTRAINT `auth_group_permissions_group_id_b120cbf9_fk_auth_group_id` FOREIGN KEY (`group_id`) REFERENCES `auth_group` (`id`)
) ENGINE=InnoDB DEFAULT CHARSET=utf8mb4 COLLATE=utf8mb4_0900_ai_ci;
/*!40101 SET character_set_client = @saved_cs_client */;

--
-- Dumping data for table `auth_group_permissions`
--

LOCK TABLES `auth_group_permissions` WRITE;
/*!40000 ALTER TABLE `auth_group_permissions` DISABLE KEYS */;
/*!40000 ALTER TABLE `auth_group_permissions` ENABLE KEYS */;
UNLOCK TABLES;

--
-- Table structure for table `auth_permission`
--

DROP TABLE IF EXISTS `auth_permission`;
/*!40101 SET @saved_cs_client     = @@character_set_client */;
/*!50503 SET character_set_client = utf8mb4 */;
CREATE TABLE `auth_permission` (
  `id` int NOT NULL AUTO_INCREMENT,
  `name` varchar(255) NOT NULL,
  `content_type_id` int NOT NULL,
  `codename` varchar(100) NOT NULL,
  PRIMARY KEY (`id`),
  UNIQUE KEY `auth_permission_content_type_id_codename_01ab375a_uniq` (`content_type_id`,`codename`),
  CONSTRAINT `auth_permission_content_type_id_2f476e4b_fk_django_co` FOREIGN KEY (`content_type_id`) REFERENCES `django_content_type` (`id`)
) ENGINE=InnoDB AUTO_INCREMENT=25 DEFAULT CHARSET=utf8mb4 COLLATE=utf8mb4_0900_ai_ci;
/*!40101 SET character_set_client = @saved_cs_client */;

--
-- Dumping data for table `auth_permission`
--

LOCK TABLES `auth_permission` WRITE;
/*!40000 ALTER TABLE `auth_permission` DISABLE KEYS */;
INSERT INTO `auth_permission` VALUES (1,'Can add log entry',1,'add_logentry'),(2,'Can change log entry',1,'change_logentry'),(3,'Can delete log entry',1,'delete_logentry'),(4,'Can view log entry',1,'view_logentry'),(5,'Can add permission',2,'add_permission'),(6,'Can change permission',2,'change_permission'),(7,'Can delete permission',2,'delete_permission'),(8,'Can view permission',2,'view_permission'),(9,'Can add group',3,'add_group'),(10,'Can change group',3,'change_group'),(11,'Can delete group',3,'delete_group'),(12,'Can view group',3,'view_group'),(13,'Can add user',4,'add_user'),(14,'Can change user',4,'change_user'),(15,'Can delete user',4,'delete_user'),(16,'Can view user',4,'view_user'),(17,'Can add content type',5,'add_contenttype'),(18,'Can change content type',5,'change_contenttype'),(19,'Can delete content type',5,'delete_contenttype'),(20,'Can view content type',5,'view_contenttype'),(21,'Can add session',6,'add_session'),(22,'Can change session',6,'change_session'),(23,'Can delete session',6,'delete_session'),(24,'Can view session',6,'view_session');
/*!40000 ALTER TABLE `auth_permission` ENABLE KEYS */;
UNLOCK TABLES;

--
-- Table structure for table `auth_user`
--

DROP TABLE IF EXISTS `auth_user`;
/*!40101 SET @saved_cs_client     = @@character_set_client */;
/*!50503 SET character_set_client = utf8mb4 */;
CREATE TABLE `auth_user` (
  `id` int NOT NULL AUTO_INCREMENT,
  `password` varchar(128) NOT NULL,
  `last_login` datetime(6) DEFAULT NULL,
  `is_superuser` tinyint(1) NOT NULL,
  `username` varchar(150) NOT NULL,
  `first_name` varchar(30) NOT NULL,
  `last_name` varchar(150) NOT NULL,
  `email` varchar(254) NOT NULL,
  `is_staff` tinyint(1) NOT NULL,
  `is_active` tinyint(1) NOT NULL,
  `date_joined` datetime(6) NOT NULL,
  PRIMARY KEY (`id`),
  UNIQUE KEY `username` (`username`)
) ENGINE=InnoDB AUTO_INCREMENT=3 DEFAULT CHARSET=utf8mb4 COLLATE=utf8mb4_0900_ai_ci;
/*!40101 SET character_set_client = @saved_cs_client */;

--
-- Dumping data for table `auth_user`
--

LOCK TABLES `auth_user` WRITE;
/*!40000 ALTER TABLE `auth_user` DISABLE KEYS */;
INSERT INTO `auth_user` VALUES (1,'pbkdf2_sha256$180000$m3gV65BvQoLe$ekK3qeGaDkO1FlUnAFFL/0D49Vps4irDPdi6QdXuTeg=','2020-03-08 01:58:14.365787',1,'tushar','','','tushar.saxena@in.ibm.com',1,1,'2020-03-08 01:58:06.603923'),(2,'pbkdf2_sha256$180000$43PSNFtVWMYx$NtHoQxjvfU57m+XDLhK+nSKttk8ROVe6Hlv51QiR0uw=','2020-03-10 19:27:34.805948',1,'admin','','','admin@example.com',1,1,'2020-03-10 19:27:26.843145');
/*!40000 ALTER TABLE `auth_user` ENABLE KEYS */;
UNLOCK TABLES;

--
-- Table structure for table `auth_user_groups`
--

DROP TABLE IF EXISTS `auth_user_groups`;
/*!40101 SET @saved_cs_client     = @@character_set_client */;
/*!50503 SET character_set_client = utf8mb4 */;
CREATE TABLE `auth_user_groups` (
  `id` int NOT NULL AUTO_INCREMENT,
  `user_id` int NOT NULL,
  `group_id` int NOT NULL,
  PRIMARY KEY (`id`),
  UNIQUE KEY `auth_user_groups_user_id_group_id_94350c0c_uniq` (`user_id`,`group_id`),
  KEY `auth_user_groups_group_id_97559544_fk_auth_group_id` (`group_id`),
  CONSTRAINT `auth_user_groups_group_id_97559544_fk_auth_group_id` FOREIGN KEY (`group_id`) REFERENCES `auth_group` (`id`),
  CONSTRAINT `auth_user_groups_user_id_6a12ed8b_fk_auth_user_id` FOREIGN KEY (`user_id`) REFERENCES `auth_user` (`id`)
) ENGINE=InnoDB DEFAULT CHARSET=utf8mb4 COLLATE=utf8mb4_0900_ai_ci;
/*!40101 SET character_set_client = @saved_cs_client */;

--
-- Dumping data for table `auth_user_groups`
--

LOCK TABLES `auth_user_groups` WRITE;
/*!40000 ALTER TABLE `auth_user_groups` DISABLE KEYS */;
/*!40000 ALTER TABLE `auth_user_groups` ENABLE KEYS */;
UNLOCK TABLES;

--
-- Table structure for table `auth_user_user_permissions`
--

DROP TABLE IF EXISTS `auth_user_user_permissions`;
/*!40101 SET @saved_cs_client     = @@character_set_client */;
/*!50503 SET character_set_client = utf8mb4 */;
CREATE TABLE `auth_user_user_permissions` (
  `id` int NOT NULL AUTO_INCREMENT,
  `user_id` int NOT NULL,
  `permission_id` int NOT NULL,
  PRIMARY KEY (`id`),
  UNIQUE KEY `auth_user_user_permissions_user_id_permission_id_14a6b632_uniq` (`user_id`,`permission_id`),
  KEY `auth_user_user_permi_permission_id_1fbb5f2c_fk_auth_perm` (`permission_id`),
  CONSTRAINT `auth_user_user_permi_permission_id_1fbb5f2c_fk_auth_perm` FOREIGN KEY (`permission_id`) REFERENCES `auth_permission` (`id`),
  CONSTRAINT `auth_user_user_permissions_user_id_a95ead1b_fk_auth_user_id` FOREIGN KEY (`user_id`) REFERENCES `auth_user` (`id`)
) ENGINE=InnoDB DEFAULT CHARSET=utf8mb4 COLLATE=utf8mb4_0900_ai_ci;
/*!40101 SET character_set_client = @saved_cs_client */;

--
-- Dumping data for table `auth_user_user_permissions`
--

LOCK TABLES `auth_user_user_permissions` WRITE;
/*!40000 ALTER TABLE `auth_user_user_permissions` DISABLE KEYS */;
/*!40000 ALTER TABLE `auth_user_user_permissions` ENABLE KEYS */;
UNLOCK TABLES;

--
-- Table structure for table `del_log_qagile_rfs_estimates`
--

DROP TABLE IF EXISTS `del_log_qagile_rfs_estimates`;
/*!40101 SET @saved_cs_client     = @@character_set_client */;
/*!50503 SET character_set_client = utf8mb4 */;
CREATE TABLE `del_log_qagile_rfs_estimates` (
  `record_id` int NOT NULL AUTO_INCREMENT,
  `rfs_request_id` int DEFAULT NULL,
  `activity_code` varchar(5) DEFAULT NULL,
  `effort` decimal(10,2) DEFAULT NULL,
  `unit` varchar(45) DEFAULT NULL COMMENT 'Hours/days\n',
  `comment` varchar(1000) DEFAULT NULL,
  `created_dt` datetime DEFAULT CURRENT_TIMESTAMP,
  PRIMARY KEY (`record_id`)
) ENGINE=InnoDB AUTO_INCREMENT=1212 DEFAULT CHARSET=utf8mb4 COLLATE=utf8mb4_0900_ai_ci;
/*!40101 SET character_set_client = @saved_cs_client */;

--
-- Dumping data for table `del_log_qagile_rfs_estimates`
--

LOCK TABLES `del_log_qagile_rfs_estimates` WRITE;
/*!40000 ALTER TABLE `del_log_qagile_rfs_estimates` DISABLE KEYS */;
INSERT INTO `del_log_qagile_rfs_estimates` VALUES (1,2,'KTAPP',100.00,NULL,'for KT','2020-03-28 20:21:56'),(2,2,'KTSSR',200.00,NULL,'for SSR','2020-03-28 20:21:56'),(3,2,'SIT',12.00,NULL,'int test','2020-03-28 20:21:56'),(4,2,'UAT',23.00,NULL,'uat support','2020-03-28 20:21:56'),(5,2,'PERF',34.00,NULL,'perf','2020-03-28 20:21:56'),(6,2,'SEC',32.00,NULL,'sec test','2020-03-28 20:21:56'),(7,2,'PRDAT',5.00,NULL,'prod act','2020-03-28 20:21:56'),(8,2,'POM',8.00,NULL,'pom ','2020-03-28 20:21:56'),(9,2,'TRVCO',200.00,NULL,'onsite visit','2020-03-28 20:21:56'),(16,2,'KTAPP',100.00,NULL,'for KT','2020-03-28 20:23:08'),(17,2,'KTSSR',200.00,NULL,'for SSR','2020-03-28 20:23:08'),(18,2,'SIT',12.00,NULL,'int test','2020-03-28 20:23:08'),(19,2,'UAT',23.00,NULL,'uat support','2020-03-28 20:23:08'),(20,2,'PERF',34.00,NULL,'perf','2020-03-28 20:23:08'),(21,2,'SEC',32.00,NULL,'sec test','2020-03-28 20:23:08'),(22,2,'PRDAT',5.00,NULL,'prod act','2020-03-28 20:23:08'),(23,2,'POM',8.00,NULL,'pom ','2020-03-28 20:23:08'),(24,2,'TRVCO',200.00,NULL,'onsite visit','2020-03-28 20:23:08'),(31,2,'KTAPP',100.00,NULL,'for KT','2020-03-28 20:25:42'),(32,2,'KTSSR',200.00,NULL,'for SSR','2020-03-28 20:25:42'),(33,2,'SIT',12.00,NULL,'int test','2020-03-28 20:25:42'),(34,2,'UAT',23.00,NULL,'uat support','2020-03-28 20:25:42'),(35,2,'PERF',34.00,NULL,'perf','2020-03-28 20:25:42'),(36,2,'SEC',32.00,NULL,'sec test','2020-03-28 20:25:42'),(37,2,'PRDAT',5.00,NULL,'prod act','2020-03-28 20:25:42'),(38,2,'POM',8.00,NULL,'pom ','2020-03-28 20:25:42'),(39,2,'TRVCO',200.00,NULL,'onsite visit','2020-03-28 20:25:42'),(46,2,'KTAPP',100.00,NULL,'for KT','2020-03-28 20:46:01'),(47,2,'KTSSR',200.00,NULL,'for SSR','2020-03-28 20:46:01'),(48,2,'SIT',12.00,NULL,'int test','2020-03-28 20:46:01'),(49,2,'UAT',23.00,NULL,'uat support','2020-03-28 20:46:01'),(50,2,'PERF',34.00,NULL,'perf','2020-03-28 20:46:01'),(51,2,'SEC',32.00,NULL,'sec test','2020-03-28 20:46:01'),(52,2,'PRDAT',5.00,NULL,'prod act','2020-03-28 20:46:01'),(53,2,'POM',8.00,NULL,'pom ','2020-03-28 20:46:01'),(54,2,'TRVCO',200.00,NULL,'onsite visit','2020-03-28 20:46:01'),(61,2,'KTAPP',100.00,NULL,'for KT','2020-03-28 20:52:10'),(62,2,'KTSSR',200.00,NULL,'for SSR','2020-03-28 20:52:10'),(63,2,'SIT',12.00,NULL,'int test','2020-03-28 20:52:10'),(64,2,'UAT',23.00,NULL,'uat support','2020-03-28 20:52:10'),(65,2,'PERF',34.00,NULL,'perf','2020-03-28 20:52:10'),(66,2,'SEC',32.00,NULL,'sec test','2020-03-28 20:52:10'),(67,2,'ACC',12.00,NULL,'acc test','2020-03-28 20:52:10'),(68,2,'PRDAT',5.00,NULL,'prod act','2020-03-28 20:52:10'),(69,2,'POM',8.00,NULL,'pom ','2020-03-28 20:52:10'),(70,2,'TRVCO',200.00,NULL,'onsite visit','2020-03-28 20:52:10'),(76,2,'KTAPP',100.00,NULL,'for KT','2020-03-28 20:53:26'),(77,2,'KTSSR',200.00,NULL,'for SSR','2020-03-28 20:53:26'),(78,2,'SIT',12.00,NULL,'int test','2020-03-28 20:53:26'),(79,2,'UAT',23.00,NULL,'uat support','2020-03-28 20:53:26'),(80,2,'PERF',34.00,NULL,'perf','2020-03-28 20:53:26'),(81,2,'SEC',32.00,NULL,'sec test','2020-03-28 20:53:26'),(82,2,'ACC',12.00,NULL,'acc test','2020-03-28 20:53:26'),(83,2,'PRDAT',5.00,NULL,'prod act','2020-03-28 20:53:26'),(84,2,'POM',8.00,NULL,'pom ','2020-03-28 20:53:26'),(85,2,'TRVCO',200.00,NULL,'onsite visit','2020-03-28 20:53:26'),(91,2,'KTAPP',100.00,NULL,'for KT','2020-03-29 12:05:06'),(92,2,'KTSSR',200.00,NULL,'for SSR','2020-03-29 12:05:06'),(93,2,'SIT',12.00,NULL,'int test','2020-03-29 12:05:06'),(94,2,'UAT',23.00,NULL,'uat support','2020-03-29 12:05:06'),(95,2,'PERF',34.00,NULL,'perf','2020-03-29 12:05:06'),(96,2,'SEC',32.00,NULL,'sec test','2020-03-29 12:05:06'),(97,2,'ACC',12.00,NULL,'acc test','2020-03-29 12:05:06'),(98,2,'PRDAT',5.00,NULL,'prod act','2020-03-29 12:05:06'),(99,2,'POM',8.00,NULL,'pom ','2020-03-29 12:05:06'),(100,2,'TRVCO',200.00,NULL,'onsite visit','2020-03-29 12:05:06'),(106,2,'KTAPP',100.00,NULL,'for KT','2020-03-29 12:05:20'),(107,2,'KTSSR',200.00,NULL,'for SSR','2020-03-29 12:05:20'),(108,2,'SIT',12.00,NULL,'int test','2020-03-29 12:05:20'),(109,2,'UAT',23.00,NULL,'uat support','2020-03-29 12:05:20'),(110,2,'PERF',34.00,NULL,'perf','2020-03-29 12:05:20'),(111,2,'SEC',32.00,NULL,'sec test','2020-03-29 12:05:20'),(112,2,'ACC',12.00,NULL,'acc test','2020-03-29 12:05:20'),(113,2,'PRDAT',5.00,NULL,'prod act','2020-03-29 12:05:20'),(114,2,'POM',8.00,NULL,'pom ','2020-03-29 12:05:20'),(115,2,'TRVCO',200.00,NULL,'onsite visit','2020-03-29 12:05:20'),(121,2,'KTAPP',100.00,NULL,'for KT','2020-03-29 12:08:08'),(122,2,'KTSSR',200.00,NULL,'for SSR','2020-03-29 12:08:08'),(123,2,'SIT',12.00,NULL,'int test','2020-03-29 12:08:08'),(124,2,'UAT',23.00,NULL,'uat support','2020-03-29 12:08:08'),(125,2,'PERF',34.00,NULL,'perf','2020-03-29 12:08:08'),(126,2,'SEC',32.00,NULL,'sec test','2020-03-29 12:08:08'),(127,2,'ACC',12.00,NULL,'acc test','2020-03-29 12:08:08'),(128,2,'PRDAT',5.00,NULL,'prod act','2020-03-29 12:08:08'),(129,2,'POM',8.00,NULL,'pom ','2020-03-29 12:08:08'),(130,2,'TRVCO',200.00,NULL,'onsite visit','2020-03-29 12:08:08'),(136,2,'KTAPP',100.00,NULL,'for KT','2020-03-29 12:08:52'),(137,2,'KTSSR',200.00,NULL,'for SSR','2020-03-29 12:08:52'),(138,2,'SIT',12.00,NULL,'int test','2020-03-29 12:08:52'),(139,2,'UAT',23.00,NULL,'uat support','2020-03-29 12:08:52'),(140,2,'PERF',34.00,NULL,'perf','2020-03-29 12:08:52'),(141,2,'SEC',32.00,NULL,'sec test','2020-03-29 12:08:52'),(142,2,'ACC',12.00,NULL,'acc test','2020-03-29 12:08:52'),(143,2,'PRDAT',5.00,NULL,'prod act','2020-03-29 12:08:52'),(144,2,'POM',8.00,NULL,'pom ','2020-03-29 12:08:52'),(145,2,'TRVCO',200.00,NULL,'onsite visit','2020-03-29 12:08:52'),(151,2,'KTAPP',100.00,NULL,'for KT','2020-03-29 12:10:21'),(152,2,'KTSSR',200.00,NULL,'for SSR','2020-03-29 12:10:21'),(153,2,'SIT',12.00,NULL,'int test','2020-03-29 12:10:21'),(154,2,'UAT',23.00,NULL,'uat support','2020-03-29 12:10:21'),(155,2,'PERF',34.00,NULL,'perf','2020-03-29 12:10:21'),(156,2,'SEC',32.00,NULL,'sec test','2020-03-29 12:10:21'),(157,2,'ACC',12.00,NULL,'acc test','2020-03-29 12:10:21'),(158,2,'PRDAT',5.00,NULL,'prod act','2020-03-29 12:10:21'),(159,2,'POM',8.00,NULL,'pom ','2020-03-29 12:10:21'),(160,2,'TRVCO',200.00,NULL,'onsite visit','2020-03-29 12:10:21'),(166,2,'KTAPP',100.00,NULL,'for KT','2020-03-29 12:10:33'),(167,2,'KTSSR',200.00,NULL,'for SSR','2020-03-29 12:10:33'),(168,2,'SIT',12.00,NULL,'int test','2020-03-29 12:10:33'),(169,2,'UAT',23.00,NULL,'uat support','2020-03-29 12:10:33'),(170,2,'PERF',34.00,NULL,'perf','2020-03-29 12:10:33'),(171,2,'SEC',32.00,NULL,'sec test','2020-03-29 12:10:33'),(172,2,'ACC',12.00,NULL,'acc test','2020-03-29 12:10:33'),(173,2,'PRDAT',5.00,NULL,'prod act','2020-03-29 12:10:33'),(174,2,'POM',8.00,NULL,'pom ','2020-03-29 12:10:33'),(175,2,'TRVCO',200.00,NULL,'onsite visit','2020-03-29 12:10:33'),(181,2,'KTAPP',100.00,NULL,'for KT','2020-03-29 12:11:43'),(182,2,'KTSSR',200.00,NULL,'for SSR','2020-03-29 12:11:43'),(183,2,'SIT',12.00,NULL,'int test','2020-03-29 12:11:43'),(184,2,'UAT',23.00,NULL,'uat support','2020-03-29 12:11:43'),(185,2,'PERF',34.00,NULL,'perf','2020-03-29 12:11:43'),(186,2,'SEC',32.00,NULL,'sec test','2020-03-29 12:11:43'),(187,2,'ACC',12.00,NULL,'acc test','2020-03-29 12:11:43'),(188,2,'PRDAT',5.00,NULL,'prod act','2020-03-29 12:11:43'),(189,2,'POM',8.00,NULL,'pom ','2020-03-29 12:11:43'),(190,2,'TRVCO',200.00,NULL,'onsite visit','2020-03-29 12:11:43'),(196,2,'KTAPP',100.00,NULL,'for KT','2020-03-29 12:15:49'),(197,2,'KTSSR',200.00,NULL,'for SSR','2020-03-29 12:15:49'),(198,2,'SIT',12.00,NULL,'int test','2020-03-29 12:15:49'),(199,2,'UAT',23.00,NULL,'uat support','2020-03-29 12:15:49'),(200,2,'PERF',34.00,NULL,'perf','2020-03-29 12:15:49'),(201,2,'SEC',32.00,NULL,'sec test','2020-03-29 12:15:49'),(202,2,'ACC',12.00,NULL,'acc test','2020-03-29 12:15:49'),(203,2,'PRDAT',5.00,NULL,'prod act','2020-03-29 12:15:49'),(204,2,'POM',8.00,NULL,'pom ','2020-03-29 12:15:49'),(205,2,'TRVCO',200.00,NULL,'onsite visit','2020-03-29 12:15:49'),(211,2,'KTAPP',100.00,NULL,'for KT','2020-03-29 12:17:06'),(212,2,'KTSSR',200.00,NULL,'for SSR','2020-03-29 12:17:06'),(213,2,'SIT',12.00,NULL,'int test','2020-03-29 12:17:06'),(214,2,'UAT',23.00,NULL,'uat support','2020-03-29 12:17:06'),(215,2,'PERF',34.00,NULL,'perf','2020-03-29 12:17:06'),(216,2,'SEC',32.00,NULL,'sec test','2020-03-29 12:17:06'),(217,2,'ACC',12.00,NULL,'acc test','2020-03-29 12:17:06'),(218,2,'PRDAT',5.00,NULL,'prod act','2020-03-29 12:17:06'),(219,2,'POM',8.00,NULL,'pom ','2020-03-29 12:17:06'),(220,2,'TRVCO',200.00,NULL,'onsite visit','2020-03-29 12:17:06'),(226,2,'KTAPP',100.00,NULL,'for KT','2020-03-29 12:17:26'),(227,2,'KTSSR',200.00,NULL,'for SSR','2020-03-29 12:17:26'),(228,2,'SIT',12.00,NULL,'int test','2020-03-29 12:17:26'),(229,2,'UAT',23.00,NULL,'uat support','2020-03-29 12:17:26'),(230,2,'PERF',34.00,NULL,'perf','2020-03-29 12:17:26'),(231,2,'SEC',32.00,NULL,'sec test','2020-03-29 12:17:26'),(232,2,'ACC',12.00,NULL,'acc test','2020-03-29 12:17:26'),(233,2,'PRDAT',5.00,NULL,'prod act','2020-03-29 12:17:26'),(234,2,'POM',8.00,NULL,'pom ','2020-03-29 12:17:26'),(235,2,'TRVCO',200.00,NULL,'onsite visit','2020-03-29 12:17:26'),(241,2,'KTAPP',100.00,NULL,'for KT','2020-03-29 12:20:04'),(242,2,'KTSSR',200.00,NULL,'for SSR','2020-03-29 12:20:04'),(243,2,'SIT',12.00,NULL,'int test','2020-03-29 12:20:04'),(244,2,'UAT',23.00,NULL,'uat support','2020-03-29 12:20:04'),(245,2,'PERF',34.00,NULL,'perf','2020-03-29 12:20:04'),(246,2,'SEC',32.00,NULL,'sec test','2020-03-29 12:20:04'),(247,2,'ACC',12.00,NULL,'acc test','2020-03-29 12:20:04'),(248,2,'PRDAT',5.00,NULL,'prod act','2020-03-29 12:20:04'),(249,2,'POM',8.00,NULL,'pom ','2020-03-29 12:20:04'),(250,2,'TRVCO',200.00,NULL,'onsite visit','2020-03-29 12:20:04'),(256,2,'KTAPP',100.00,NULL,'for KT','2020-03-29 12:35:17'),(257,2,'KTSSR',200.00,NULL,'for SSR','2020-03-29 12:35:17'),(258,2,'SIT',12.00,NULL,'int test','2020-03-29 12:35:17'),(259,2,'UAT',23.00,NULL,'uat support','2020-03-29 12:35:17'),(260,2,'PERF',34.00,NULL,'perf','2020-03-29 12:35:17'),(261,2,'SEC',32.00,NULL,'sec test','2020-03-29 12:35:17'),(262,2,'ACC',12.00,NULL,'acc test','2020-03-29 12:35:17'),(263,2,'PRDAT',5.00,NULL,'prod act','2020-03-29 12:35:17'),(264,2,'POM',8.00,NULL,'pom ','2020-03-29 12:35:17'),(265,2,'TRVCO',200.00,NULL,'onsite visit','2020-03-29 12:35:17'),(271,2,'KTAPP',100.00,NULL,'for KT','2020-03-29 12:35:28'),(272,2,'KTSSR',200.00,NULL,'for SSR','2020-03-29 12:35:28'),(273,2,'SIT',12.00,NULL,'int test','2020-03-29 12:35:28'),(274,2,'UAT',23.00,NULL,'uat support','2020-03-29 12:35:28'),(275,2,'PERF',34.00,NULL,'perf','2020-03-29 12:35:28'),(276,2,'SEC',32.00,NULL,'sec test','2020-03-29 12:35:28'),(277,2,'ACC',12.00,NULL,'acc test','2020-03-29 12:35:28'),(278,2,'PRDAT',5.00,NULL,'prod act','2020-03-29 12:35:28'),(279,2,'POM',8.00,NULL,'pom ','2020-03-29 12:35:28'),(280,2,'TRVCO',200.00,NULL,'onsite visit','2020-03-29 12:35:28'),(286,2,'KTAPP',100.00,NULL,'for KT','2020-03-29 12:36:49'),(287,2,'KTSSR',200.00,NULL,'for SSR','2020-03-29 12:36:49'),(288,2,'SIT',12.00,NULL,'int test','2020-03-29 12:36:49'),(289,2,'UAT',23.00,NULL,'uat support','2020-03-29 12:36:49'),(290,2,'PERF',34.00,NULL,'perf','2020-03-29 12:36:49'),(291,2,'SEC',32.00,NULL,'sec test','2020-03-29 12:36:49'),(292,2,'ACC',12.00,NULL,'acc test','2020-03-29 12:36:49'),(293,2,'PRDAT',5.00,NULL,'prod act','2020-03-29 12:36:49'),(294,2,'POM',8.00,NULL,'pom ','2020-03-29 12:36:49'),(295,2,'TRVCO',200.00,NULL,'onsite visit','2020-03-29 12:36:49'),(301,2,'KTAPP',100.00,NULL,'for KT','2020-03-29 12:37:49'),(302,2,'KTSSR',200.00,NULL,'for SSR','2020-03-29 12:37:49'),(303,2,'SIT',12.00,NULL,'int test','2020-03-29 12:37:49'),(304,2,'UAT',23.00,NULL,'uat support','2020-03-29 12:37:49'),(305,2,'PERF',34.00,NULL,'perf','2020-03-29 12:37:49'),(306,2,'SEC',32.00,NULL,'sec test','2020-03-29 12:37:49'),(307,2,'ACC',12.00,NULL,'acc test','2020-03-29 12:37:49'),(308,2,'PRDAT',5.00,NULL,'prod act','2020-03-29 12:37:49'),(309,2,'POM',8.00,NULL,'pom ','2020-03-29 12:37:49'),(310,2,'TRVCO',200.00,NULL,'onsite visit','2020-03-29 12:37:49'),(316,2,'KTAPP',100.00,NULL,'for KT','2020-03-29 12:39:31'),(317,2,'KTSSR',200.00,NULL,'for SSR','2020-03-29 12:39:31'),(318,2,'SIT',12.00,NULL,'int test','2020-03-29 12:39:31'),(319,2,'UAT',23.00,NULL,'uat support','2020-03-29 12:39:31'),(320,2,'PERF',34.00,NULL,'perf','2020-03-29 12:39:31'),(321,2,'SEC',32.00,NULL,'sec test','2020-03-29 12:39:31'),(322,2,'ACC',12.00,NULL,'acc test','2020-03-29 12:39:31'),(323,2,'PRDAT',5.00,NULL,'prod act','2020-03-29 12:39:31'),(324,2,'POM',8.00,NULL,'pom ','2020-03-29 12:39:31'),(325,2,'TRVCO',200.00,NULL,'onsite visit','2020-03-29 12:39:31'),(331,2,'KTAPP',100.00,NULL,'for KT','2020-03-29 12:39:39'),(332,2,'KTSSR',200.00,NULL,'for SSR','2020-03-29 12:39:39'),(333,2,'SIT',12.00,NULL,'int test','2020-03-29 12:39:39'),(334,2,'UAT',23.00,NULL,'uat support','2020-03-29 12:39:39'),(335,2,'PERF',34.00,NULL,'perf','2020-03-29 12:39:39'),(336,2,'SEC',32.00,NULL,'sec test','2020-03-29 12:39:39'),(337,2,'ACC',12.00,NULL,'acc test','2020-03-29 12:39:39'),(338,2,'PRDAT',5.00,NULL,'prod act','2020-03-29 12:39:39'),(339,2,'POM',8.00,NULL,'pom ','2020-03-29 12:39:39'),(340,2,'TRVCO',200.00,NULL,'onsite visit','2020-03-29 12:39:39'),(346,2,'KTAPP',100.00,NULL,'for KT','2020-03-29 12:41:09'),(347,2,'KTSSR',200.00,NULL,'for SSR','2020-03-29 12:41:09'),(348,2,'SIT',12.00,NULL,'int test','2020-03-29 12:41:09'),(349,2,'UAT',23.00,NULL,'uat support','2020-03-29 12:41:09'),(350,2,'PERF',34.00,NULL,'perf','2020-03-29 12:41:09'),(351,2,'SEC',32.00,NULL,'sec test','2020-03-29 12:41:09'),(352,2,'ACC',12.00,NULL,'acc test','2020-03-29 12:41:09'),(353,2,'PRDAT',5.00,NULL,'prod act','2020-03-29 12:41:09'),(354,2,'POM',8.00,NULL,'pom ','2020-03-29 12:41:09'),(355,2,'TRVCO',200.00,NULL,'onsite visit','2020-03-29 12:41:09'),(361,2,'KTAPP',100.00,NULL,'for KT','2020-03-29 12:49:38'),(362,2,'KTSSR',200.00,NULL,'for SSR','2020-03-29 12:49:38'),(363,2,'SIT',12.00,NULL,'int test','2020-03-29 12:49:38'),(364,2,'UAT',23.00,NULL,'uat support','2020-03-29 12:49:38'),(365,2,'PERF',34.00,NULL,'perf','2020-03-29 12:49:38'),(366,2,'SEC',32.00,NULL,'sec test','2020-03-29 12:49:38'),(367,2,'ACC',12.00,NULL,'acc test','2020-03-29 12:49:38'),(368,2,'PRDAT',5.00,NULL,'prod act','2020-03-29 12:49:38'),(369,2,'POM',8.00,NULL,'pom ','2020-03-29 12:49:38'),(370,2,'TRVCO',200.00,NULL,'onsite visit','2020-03-29 12:49:38'),(376,10,'KTAPP',NULL,NULL,NULL,'2020-03-30 17:17:13'),(377,10,'KTSSR',NULL,NULL,NULL,'2020-03-30 17:17:13'),(378,10,'SIT',NULL,NULL,NULL,'2020-03-30 17:17:13'),(379,10,'UAT',NULL,NULL,NULL,'2020-03-30 17:17:13'),(380,10,'PERF',NULL,NULL,NULL,'2020-03-30 17:17:13'),(381,10,'SEC',NULL,NULL,NULL,'2020-03-30 17:17:13'),(382,10,'ACC',NULL,NULL,NULL,'2020-03-30 17:17:13'),(383,10,'PRDAT',NULL,NULL,NULL,'2020-03-30 17:17:13'),(384,10,'POM',NULL,NULL,NULL,'2020-03-30 17:17:13'),(385,10,'TRVCO',NULL,NULL,NULL,'2020-03-30 17:17:13'),(391,11,'KTAPP',NULL,NULL,NULL,'2020-03-30 17:17:48'),(392,11,'KTSSR',NULL,NULL,NULL,'2020-03-30 17:17:48'),(393,11,'SIT',NULL,NULL,NULL,'2020-03-30 17:17:48'),(394,11,'UAT',NULL,NULL,NULL,'2020-03-30 17:17:48'),(395,11,'PERF',NULL,NULL,NULL,'2020-03-30 17:17:48'),(396,11,'SEC',NULL,NULL,NULL,'2020-03-30 17:17:48'),(397,11,'ACC',NULL,NULL,NULL,'2020-03-30 17:17:48'),(398,11,'PRDAT',NULL,NULL,NULL,'2020-03-30 17:17:48'),(399,11,'POM',NULL,NULL,NULL,'2020-03-30 17:17:48'),(400,11,'TRVCO',NULL,NULL,NULL,'2020-03-30 17:17:48'),(406,11,'KTAPP',NULL,NULL,'None','2020-03-30 17:18:00'),(407,11,'KTSSR',NULL,NULL,'None','2020-03-30 17:18:00'),(408,11,'SIT',NULL,NULL,'None','2020-03-30 17:18:00'),(409,11,'UAT',NULL,NULL,'None','2020-03-30 17:18:00'),(410,11,'PERF',NULL,NULL,'None','2020-03-30 17:18:00'),(411,11,'SEC',NULL,NULL,'None','2020-03-30 17:18:00'),(412,11,'ACC',NULL,NULL,'None','2020-03-30 17:18:00'),(413,11,'PRDAT',NULL,NULL,'None','2020-03-30 17:18:00'),(414,11,'POM',NULL,NULL,'None','2020-03-30 17:18:00'),(415,11,'TRVCO',NULL,NULL,'None','2020-03-30 17:18:00'),(421,11,'KTAPP',NULL,NULL,'None','2020-03-30 17:18:59'),(422,11,'KTSSR',NULL,NULL,'None','2020-03-30 17:18:59'),(423,11,'SIT',NULL,NULL,'None','2020-03-30 17:18:59'),(424,11,'UAT',NULL,NULL,'None','2020-03-30 17:18:59'),(425,11,'PERF',NULL,NULL,'None','2020-03-30 17:18:59'),(426,11,'SEC',NULL,NULL,'None','2020-03-30 17:18:59'),(427,11,'ACC',NULL,NULL,'None','2020-03-30 17:18:59'),(428,11,'PRDAT',NULL,NULL,'None','2020-03-30 17:18:59'),(429,11,'POM',NULL,NULL,'None','2020-03-30 17:18:59'),(430,11,'TRVCO',NULL,NULL,'None','2020-03-30 17:18:59'),(436,11,'KTAPP',NULL,NULL,'None','2020-03-30 17:19:38'),(437,11,'KTSSR',NULL,NULL,'None','2020-03-30 17:19:38'),(438,11,'SIT',NULL,NULL,'None','2020-03-30 17:19:38'),(439,11,'UAT',NULL,NULL,'None','2020-03-30 17:19:38'),(440,11,'PERF',NULL,NULL,'None','2020-03-30 17:19:38'),(441,11,'SEC',NULL,NULL,'None','2020-03-30 17:19:38'),(442,11,'ACC',NULL,NULL,'None','2020-03-30 17:19:38'),(443,11,'PRDAT',NULL,NULL,'None','2020-03-30 17:19:38'),(444,11,'POM',NULL,NULL,'None','2020-03-30 17:19:38'),(445,11,'TRVCO',NULL,NULL,'None','2020-03-30 17:19:38'),(451,11,'KTAPP',NULL,NULL,'None','2020-03-30 19:14:14'),(452,11,'KTSSR',NULL,NULL,'None','2020-03-30 19:14:14'),(453,11,'SIT',NULL,NULL,'None','2020-03-30 19:14:14'),(454,11,'UAT',NULL,NULL,'None','2020-03-30 19:14:14'),(455,11,'PERF',NULL,NULL,'None','2020-03-30 19:14:14'),(456,11,'SEC',NULL,NULL,'None','2020-03-30 19:14:14'),(457,11,'ACC',NULL,NULL,'None','2020-03-30 19:14:14'),(458,11,'PRDAT',NULL,NULL,'None','2020-03-30 19:14:14'),(459,11,'POM',NULL,NULL,'None','2020-03-30 19:14:14'),(460,11,'TRVCO',NULL,NULL,'None','2020-03-30 19:14:14'),(466,12,'KTAPP',NULL,NULL,NULL,'2020-03-30 19:16:59'),(467,12,'KTSSR',NULL,NULL,NULL,'2020-03-30 19:16:59'),(468,12,'SIT',NULL,NULL,NULL,'2020-03-30 19:16:59'),(469,12,'UAT',NULL,NULL,NULL,'2020-03-30 19:16:59'),(470,12,'PERF',NULL,NULL,NULL,'2020-03-30 19:16:59'),(471,12,'SEC',NULL,NULL,NULL,'2020-03-30 19:16:59'),(472,12,'ACC',NULL,NULL,NULL,'2020-03-30 19:16:59'),(473,12,'PRDAT',NULL,NULL,NULL,'2020-03-30 19:16:59'),(474,12,'POM',NULL,NULL,NULL,'2020-03-30 19:16:59'),(475,12,'TRVCO',NULL,NULL,NULL,'2020-03-30 19:16:59'),(476,33,'KTAPP',NULL,NULL,NULL,'2020-04-07 14:12:32'),(477,33,'KTSSR',NULL,NULL,NULL,'2020-04-07 14:12:32'),(478,33,'SIT',NULL,NULL,NULL,'2020-04-07 14:12:32'),(479,33,'UAT',NULL,NULL,NULL,'2020-04-07 14:12:32'),(480,33,'PERF',NULL,NULL,NULL,'2020-04-07 14:12:32'),(481,33,'SEC',NULL,NULL,NULL,'2020-04-07 14:12:32'),(482,33,'ACC',NULL,NULL,NULL,'2020-04-07 14:12:32'),(483,33,'PRDAT',NULL,NULL,NULL,'2020-04-07 14:12:32'),(484,33,'POM',NULL,NULL,NULL,'2020-04-07 14:12:32'),(485,33,'TRVCO',NULL,NULL,NULL,'2020-04-07 14:12:32'),(491,33,'KTAPP',NULL,NULL,'None','2020-04-07 14:12:34'),(492,33,'KTSSR',NULL,NULL,'None','2020-04-07 14:12:34'),(493,33,'SIT',NULL,NULL,'None','2020-04-07 14:12:34'),(494,33,'UAT',NULL,NULL,'None','2020-04-07 14:12:34'),(495,33,'PERF',NULL,NULL,'None','2020-04-07 14:12:34'),(496,33,'SEC',NULL,NULL,'None','2020-04-07 14:12:34'),(497,33,'ACC',NULL,NULL,'None','2020-04-07 14:12:34'),(498,33,'PRDAT',NULL,NULL,'None','2020-04-07 14:12:34'),(499,33,'POM',NULL,NULL,'None','2020-04-07 14:12:34'),(500,33,'TRVCO',NULL,NULL,'None','2020-04-07 14:12:34'),(501,34,'KTAPP',NULL,NULL,NULL,'2020-04-09 08:55:20'),(502,34,'KTSSR',NULL,NULL,NULL,'2020-04-09 08:55:20'),(503,34,'SIT',NULL,NULL,NULL,'2020-04-09 08:55:20'),(504,34,'UAT',NULL,NULL,NULL,'2020-04-09 08:55:20'),(505,34,'PERF',NULL,NULL,NULL,'2020-04-09 08:55:20'),(506,34,'SEC',NULL,NULL,NULL,'2020-04-09 08:55:20'),(507,34,'ACC',NULL,NULL,NULL,'2020-04-09 08:55:20'),(508,34,'PRDAT',NULL,NULL,NULL,'2020-04-09 08:55:20'),(509,34,'POM',NULL,NULL,NULL,'2020-04-09 08:55:20'),(510,34,'TRVCO',NULL,NULL,NULL,'2020-04-09 08:55:20'),(516,34,'KTAPP',NULL,NULL,'None','2020-04-09 08:55:22'),(517,34,'KTSSR',NULL,NULL,'None','2020-04-09 08:55:22'),(518,34,'SIT',NULL,NULL,'None','2020-04-09 08:55:22'),(519,34,'UAT',NULL,NULL,'None','2020-04-09 08:55:22'),(520,34,'PERF',NULL,NULL,'None','2020-04-09 08:55:22'),(521,34,'SEC',NULL,NULL,'None','2020-04-09 08:55:22'),(522,34,'ACC',NULL,NULL,'None','2020-04-09 08:55:22'),(523,34,'PRDAT',NULL,NULL,'None','2020-04-09 08:55:22'),(524,34,'POM',NULL,NULL,'None','2020-04-09 08:55:22'),(525,34,'TRVCO',NULL,NULL,'None','2020-04-09 08:55:22'),(531,9,'KTAPP',25.00,NULL,NULL,'2020-04-11 12:36:42'),(532,9,'KTSSR',5.00,NULL,NULL,'2020-04-11 12:36:42'),(533,9,'SIT',455.00,NULL,NULL,'2020-04-11 12:36:42'),(534,9,'UAT',122.00,NULL,NULL,'2020-04-11 12:36:42'),(535,9,'PERF',21.00,NULL,NULL,'2020-04-11 12:36:42'),(536,9,'SEC',45.00,NULL,NULL,'2020-04-11 12:36:42'),(537,9,'ACC',0.00,NULL,NULL,'2020-04-11 12:36:42'),(538,9,'PRDAT',NULL,NULL,NULL,'2020-04-11 12:36:42'),(539,9,'POM',45.00,NULL,NULL,'2020-04-11 12:36:42'),(540,9,'TRVCO',NULL,NULL,NULL,'2020-04-11 12:36:42'),(546,9,'KTAPP',25.00,NULL,NULL,'2020-04-11 12:38:04'),(547,9,'KTSSR',5.00,NULL,NULL,'2020-04-11 12:38:04'),(548,9,'SIT',455.00,NULL,NULL,'2020-04-11 12:38:04'),(549,9,'UAT',122.00,NULL,NULL,'2020-04-11 12:38:04'),(550,9,'PERF',21.00,NULL,NULL,'2020-04-11 12:38:04'),(551,9,'SEC',45.00,NULL,NULL,'2020-04-11 12:38:04'),(552,9,'ACC',0.00,NULL,NULL,'2020-04-11 12:38:04'),(553,9,'PRDAT',NULL,NULL,NULL,'2020-04-11 12:38:04'),(554,9,'POM',45.00,NULL,NULL,'2020-04-11 12:38:04'),(555,9,'TRVCO',NULL,NULL,NULL,'2020-04-11 12:38:04'),(561,9,'KTAPP',25.00,NULL,NULL,'2020-04-11 12:38:23'),(562,9,'KTSSR',5.00,NULL,NULL,'2020-04-11 12:38:23'),(563,9,'SIT',455.00,NULL,NULL,'2020-04-11 12:38:23'),(564,9,'UAT',122.00,NULL,NULL,'2020-04-11 12:38:23'),(565,9,'PERF',21.00,NULL,NULL,'2020-04-11 12:38:23'),(566,9,'SEC',45.00,NULL,NULL,'2020-04-11 12:38:23'),(567,9,'ACC',0.00,NULL,NULL,'2020-04-11 12:38:23'),(568,9,'PRDAT',NULL,NULL,NULL,'2020-04-11 12:38:23'),(569,9,'POM',45.00,NULL,NULL,'2020-04-11 12:38:23'),(570,9,'TRVCO',NULL,NULL,NULL,'2020-04-11 12:38:23'),(576,9,'KTAPP',25.00,NULL,NULL,'2020-04-11 12:43:13'),(577,9,'KTSSR',5.00,NULL,NULL,'2020-04-11 12:43:13'),(578,9,'SIT',455.00,NULL,NULL,'2020-04-11 12:43:13'),(579,9,'UAT',122.00,NULL,NULL,'2020-04-11 12:43:13'),(580,9,'PERF',21.00,NULL,NULL,'2020-04-11 12:43:13'),(581,9,'SEC',45.00,NULL,NULL,'2020-04-11 12:43:13'),(582,9,'ACC',0.00,NULL,NULL,'2020-04-11 12:43:13'),(583,9,'PRDAT',NULL,NULL,NULL,'2020-04-11 12:43:13'),(584,9,'POM',45.00,NULL,NULL,'2020-04-11 12:43:13'),(585,9,'TRVCO',NULL,NULL,NULL,'2020-04-11 12:43:13'),(591,9,'KTAPP',25.00,NULL,NULL,'2020-04-11 12:45:10'),(592,9,'KTSSR',5.00,NULL,NULL,'2020-04-11 12:45:10'),(593,9,'SIT',455.00,NULL,NULL,'2020-04-11 12:45:10'),(594,9,'UAT',122.00,NULL,NULL,'2020-04-11 12:45:10'),(595,9,'PERF',21.00,NULL,NULL,'2020-04-11 12:45:10'),(596,9,'SEC',45.00,NULL,NULL,'2020-04-11 12:45:10'),(597,9,'ACC',0.00,NULL,NULL,'2020-04-11 12:45:10'),(598,9,'PRDAT',NULL,NULL,NULL,'2020-04-11 12:45:10'),(599,9,'POM',45.00,NULL,NULL,'2020-04-11 12:45:10'),(600,9,'TRVCO',NULL,NULL,NULL,'2020-04-11 12:45:10'),(606,9,'KTAPP',25.00,NULL,NULL,'2020-04-11 12:51:23'),(607,9,'KTSSR',5.00,NULL,NULL,'2020-04-11 12:51:23'),(608,9,'SIT',455.00,NULL,NULL,'2020-04-11 12:51:23'),(609,9,'UAT',122.00,NULL,NULL,'2020-04-11 12:51:23'),(610,9,'PERF',21.00,NULL,NULL,'2020-04-11 12:51:23'),(611,9,'SEC',45.00,NULL,NULL,'2020-04-11 12:51:23'),(612,9,'ACC',0.00,NULL,NULL,'2020-04-11 12:51:23'),(613,9,'PRDAT',NULL,NULL,NULL,'2020-04-11 12:51:23'),(614,9,'POM',45.00,NULL,NULL,'2020-04-11 12:51:23'),(615,9,'TRVCO',NULL,NULL,NULL,'2020-04-11 12:51:23'),(621,9,'KTAPP',25.00,NULL,NULL,'2020-04-11 13:24:03'),(622,9,'KTSSR',5.00,NULL,NULL,'2020-04-11 13:24:03'),(623,9,'SIT',455.00,NULL,NULL,'2020-04-11 13:24:03'),(624,9,'UAT',122.00,NULL,NULL,'2020-04-11 13:24:03'),(625,9,'PERF',21.00,NULL,NULL,'2020-04-11 13:24:03'),(626,9,'SEC',45.00,NULL,NULL,'2020-04-11 13:24:03'),(627,9,'ACC',0.00,NULL,NULL,'2020-04-11 13:24:03'),(628,9,'PRDAT',NULL,NULL,NULL,'2020-04-11 13:24:03'),(629,9,'POM',45.00,NULL,NULL,'2020-04-11 13:24:03'),(630,9,'TRVCO',NULL,NULL,NULL,'2020-04-11 13:24:03'),(636,9,'KTAPP',25.00,NULL,'None','2020-04-11 13:27:06'),(637,9,'KTSSR',5.00,NULL,'None','2020-04-11 13:27:06'),(638,9,'SIT',455.00,NULL,'None','2020-04-11 13:27:06'),(639,9,'UAT',122.00,NULL,'None','2020-04-11 13:27:06'),(640,9,'PERF',21.00,NULL,'None','2020-04-11 13:27:06'),(641,9,'SEC',45.00,NULL,'None','2020-04-11 13:27:06'),(642,9,'ACC',0.00,NULL,'None','2020-04-11 13:27:06'),(643,9,'PRDAT',NULL,NULL,'None','2020-04-11 13:27:06'),(644,9,'POM',45.00,NULL,'None','2020-04-11 13:27:06'),(645,9,'TRVCO',3.00,NULL,'None','2020-04-11 13:27:06'),(651,9,'KTAPP',25.00,NULL,'None','2020-04-11 13:29:42'),(652,9,'KTSSR',5.00,NULL,'None','2020-04-11 13:29:42'),(653,9,'SIT',455.00,NULL,'None','2020-04-11 13:29:42'),(654,9,'UAT',122.00,NULL,'None','2020-04-11 13:29:42'),(655,9,'PERF',21.00,NULL,'None','2020-04-11 13:29:42'),(656,9,'SEC',45.00,NULL,'None','2020-04-11 13:29:42'),(657,9,'ACC',0.00,NULL,'None','2020-04-11 13:29:42'),(658,9,'PRDAT',NULL,NULL,'None','2020-04-11 13:29:42'),(659,9,'POM',45.00,NULL,'None','2020-04-11 13:29:42'),(660,9,'TRVCO',3.00,NULL,'None','2020-04-11 13:29:42'),(666,9,'KTAPP',25.00,NULL,'None','2020-04-11 13:35:11'),(667,9,'KTSSR',5.00,NULL,'None','2020-04-11 13:35:11'),(668,9,'SIT',455.00,NULL,'None','2020-04-11 13:35:11'),(669,9,'UAT',122.00,NULL,'None','2020-04-11 13:35:11'),(670,9,'PERF',21.00,NULL,'None','2020-04-11 13:35:11'),(671,9,'SEC',45.00,NULL,'None','2020-04-11 13:35:11'),(672,9,'ACC',0.00,NULL,'None','2020-04-11 13:35:11'),(673,9,'PRDAT',NULL,NULL,'None','2020-04-11 13:35:11'),(674,9,'POM',45.00,NULL,'None','2020-04-11 13:35:11'),(675,9,'TRVCO',3.00,NULL,'None','2020-04-11 13:35:11'),(681,9,'KTAPP',25.00,NULL,'None','2020-04-11 13:35:30'),(682,9,'KTSSR',5.00,NULL,'None','2020-04-11 13:35:30'),(683,9,'SIT',455.00,NULL,'None','2020-04-11 13:35:30'),(684,9,'UAT',122.00,NULL,'None','2020-04-11 13:35:30'),(685,9,'PERF',21.00,NULL,'None','2020-04-11 13:35:30'),(686,9,'SEC',45.00,NULL,'None','2020-04-11 13:35:30'),(687,9,'ACC',0.00,NULL,'None','2020-04-11 13:35:30'),(688,9,'PRDAT',NULL,NULL,'None','2020-04-11 13:35:30'),(689,9,'POM',45.00,NULL,'None','2020-04-11 13:35:30'),(690,9,'TRVCO',3.00,NULL,'None','2020-04-11 13:35:30'),(696,9,'KTAPP',25.00,NULL,'None','2020-04-11 13:36:44'),(697,9,'KTSSR',5.00,NULL,'None','2020-04-11 13:36:44'),(698,9,'SIT',455.00,NULL,'None','2020-04-11 13:36:44'),(699,9,'UAT',122.00,NULL,'None','2020-04-11 13:36:44'),(700,9,'PERF',21.00,NULL,'None','2020-04-11 13:36:44'),(701,9,'SEC',45.00,NULL,'None','2020-04-11 13:36:44'),(702,9,'ACC',0.00,NULL,'None','2020-04-11 13:36:44'),(703,9,'PRDAT',NULL,NULL,'None','2020-04-11 13:36:44'),(704,9,'POM',45.00,NULL,'None','2020-04-11 13:36:44'),(705,9,'TRVCO',3.00,NULL,'None','2020-04-11 13:36:44'),(711,9,'KTAPP',25.00,NULL,'None','2020-04-11 13:37:18'),(712,9,'KTSSR',5.00,NULL,'None','2020-04-11 13:37:18'),(713,9,'SIT',455.00,NULL,'None','2020-04-11 13:37:18'),(714,9,'UAT',122.00,NULL,'None','2020-04-11 13:37:18'),(715,9,'PERF',21.00,NULL,'None','2020-04-11 13:37:18'),(716,9,'SEC',45.00,NULL,'None','2020-04-11 13:37:18'),(717,9,'ACC',0.00,NULL,'None','2020-04-11 13:37:18'),(718,9,'PRDAT',NULL,NULL,'None','2020-04-11 13:37:18'),(719,9,'POM',45.00,NULL,'None','2020-04-11 13:37:18'),(720,9,'TRVCO',3.00,NULL,'None','2020-04-11 13:37:18'),(726,9,'KTAPP',25.00,NULL,'None','2020-04-11 13:41:59'),(727,9,'KTSSR',5.00,NULL,'None','2020-04-11 13:41:59'),(728,9,'SIT',455.00,NULL,'None','2020-04-11 13:41:59'),(729,9,'UAT',122.00,NULL,'None','2020-04-11 13:41:59'),(730,9,'PERF',21.00,NULL,'None','2020-04-11 13:41:59'),(731,9,'SEC',45.00,NULL,'None','2020-04-11 13:41:59'),(732,9,'ACC',0.00,NULL,'None','2020-04-11 13:41:59'),(747,9,'KTAPP',25.00,NULL,'None','2020-04-11 14:27:52'),(748,9,'KTSSR',5.00,NULL,'None','2020-04-11 14:27:52'),(749,9,'SIT',455.00,NULL,'None','2020-04-11 14:27:52'),(750,9,'UAT',122.00,NULL,'None','2020-04-11 14:27:52'),(751,9,'PERF',21.00,NULL,'None','2020-04-11 14:27:52'),(752,9,'SEC',45.00,NULL,'None','2020-04-11 14:27:52'),(753,9,'ACC',0.00,NULL,'None','2020-04-11 14:27:52'),(754,9,'PRDAT',3363.00,NULL,'None','2020-04-11 14:27:52'),(755,9,'POM',45.00,NULL,'None','2020-04-11 14:27:52'),(756,9,'TRVCO',3.00,NULL,'None','2020-04-11 14:27:52'),(762,9,'KTAPP',25.00,NULL,'None','2020-04-11 14:28:42'),(763,9,'KTSSR',5.00,NULL,'None','2020-04-11 14:28:42'),(764,9,'SIT',455.00,NULL,'None','2020-04-11 14:28:42'),(765,9,'UAT',122.00,NULL,'None','2020-04-11 14:28:42'),(766,9,'PERF',21.00,NULL,'None','2020-04-11 14:28:42'),(767,9,'SEC',45.00,NULL,'None','2020-04-11 14:28:42'),(768,9,'ACC',0.00,NULL,'None','2020-04-11 14:28:42'),(769,9,'PRDAT',NULL,NULL,'None','2020-04-11 14:28:42'),(770,9,'POM',45.00,NULL,'None','2020-04-11 14:28:42'),(771,9,'TRVCO',3.00,NULL,'None','2020-04-11 14:28:42'),(777,9,'KTAPP',25.00,NULL,'None','2020-04-11 14:28:48'),(778,9,'KTSSR',5.00,NULL,'None','2020-04-11 14:28:48'),(779,9,'SIT',455.00,NULL,'None','2020-04-11 14:28:48'),(780,9,'UAT',122.00,NULL,'None','2020-04-11 14:28:48'),(781,9,'PERF',21.00,NULL,'None','2020-04-11 14:28:48'),(782,9,'SEC',45.00,NULL,'None','2020-04-11 14:28:48'),(783,9,'ACC',0.00,NULL,'None','2020-04-11 14:28:48'),(784,9,'PRDAT',3363.00,NULL,'None','2020-04-11 14:28:48'),(785,9,'POM',45.00,NULL,'None','2020-04-11 14:28:48'),(786,9,'TRVCO',3.00,NULL,'None','2020-04-11 14:28:48'),(792,9,'KTAPP',25.00,NULL,'None','2020-04-11 14:29:13'),(793,9,'KTSSR',5.00,NULL,'None','2020-04-11 14:29:13'),(794,9,'SIT',455.00,NULL,'None','2020-04-11 14:29:13'),(795,9,'UAT',122.00,NULL,'None','2020-04-11 14:29:13'),(796,9,'PERF',21.00,NULL,'None','2020-04-11 14:29:13'),(797,9,'SEC',45.00,NULL,'None','2020-04-11 14:29:13'),(798,9,'ACC',0.00,NULL,'None','2020-04-11 14:29:13'),(799,9,'PRDAT',3363.00,NULL,'None','2020-04-11 14:29:13'),(800,9,'POM',45.00,NULL,'None','2020-04-11 14:29:13'),(801,9,'TRVCO',3.00,NULL,'None','2020-04-11 14:29:13'),(807,9,'KTAPP',25.00,NULL,'None','2020-04-11 14:29:58'),(808,9,'KTSSR',5.00,NULL,'None','2020-04-11 14:29:58'),(809,9,'SIT',455.00,NULL,'None','2020-04-11 14:29:58'),(810,9,'UAT',122.00,NULL,'None','2020-04-11 14:29:58'),(811,9,'PERF',21.00,NULL,'None','2020-04-11 14:29:58'),(812,9,'SEC',45.00,NULL,'None','2020-04-11 14:29:58'),(813,9,'ACC',0.00,NULL,'None','2020-04-11 14:29:58'),(814,9,'PRDAT',3363.00,NULL,'None','2020-04-11 14:29:58'),(815,9,'POM',45.00,NULL,'None','2020-04-11 14:29:58'),(816,9,'TRVCO',3.00,NULL,'None','2020-04-11 14:29:58'),(822,9,'KTAPP',25.00,NULL,'None','2020-04-11 14:30:24'),(823,9,'KTSSR',5.00,NULL,'None','2020-04-11 14:30:24'),(824,9,'SIT',455.00,NULL,'None','2020-04-11 14:30:24'),(825,9,'UAT',122.00,NULL,'None','2020-04-11 14:30:24'),(826,9,'PERF',21.00,NULL,'None','2020-04-11 14:30:24'),(827,9,'SEC',45.00,NULL,'None','2020-04-11 14:30:24'),(828,9,'ACC',0.00,NULL,'None','2020-04-11 14:30:24'),(829,9,'PRDAT',3363.00,NULL,'None','2020-04-11 14:30:24'),(830,9,'POM',45.00,NULL,'None','2020-04-11 14:30:24'),(831,9,'TRVCO',3.00,NULL,'None','2020-04-11 14:30:24'),(837,9,'KTAPP',25.00,NULL,'None','2020-04-11 14:33:48'),(838,9,'KTSSR',5.00,NULL,'None','2020-04-11 14:33:48'),(839,9,'SIT',455.00,NULL,'None','2020-04-11 14:33:48'),(840,9,'UAT',122.00,NULL,'None','2020-04-11 14:33:48'),(841,9,'PERF',21.00,NULL,'None','2020-04-11 14:33:48'),(842,9,'SEC',45.00,NULL,'None','2020-04-11 14:33:48'),(843,9,'ACC',0.00,NULL,'None','2020-04-11 14:33:48'),(844,9,'PRDAT',3363.00,NULL,'None','2020-04-11 14:33:48'),(845,9,'POM',45.00,NULL,'None','2020-04-11 14:33:48'),(846,9,'TRVCO',3.00,NULL,'None','2020-04-11 14:33:48'),(852,9,'KTAPP',25.00,NULL,'None','2020-04-11 14:38:55'),(853,9,'KTSSR',5.00,NULL,'None','2020-04-11 14:38:55'),(854,9,'SIT',455.00,NULL,'None','2020-04-11 14:38:55'),(855,9,'UAT',122.00,NULL,'None','2020-04-11 14:38:55'),(856,9,'PERF',21.00,NULL,'None','2020-04-11 14:38:55'),(857,9,'SEC',45.00,NULL,'None','2020-04-11 14:38:55'),(858,9,'ACC',0.00,NULL,'None','2020-04-11 14:38:55'),(859,9,'PRDAT',3363.00,NULL,'None','2020-04-11 14:38:55'),(860,9,'POM',45.00,NULL,'None','2020-04-11 14:38:55'),(861,9,'TRVCO',3.00,NULL,'None','2020-04-11 14:38:55'),(867,9,'KTAPP',25.00,NULL,'None','2020-04-11 14:40:48'),(868,9,'KTSSR',5.00,NULL,'None','2020-04-11 14:40:48'),(869,9,'SIT',455.00,NULL,'None','2020-04-11 14:40:48'),(870,9,'UAT',122.00,NULL,'None','2020-04-11 14:40:48'),(871,9,'PERF',21.00,NULL,'None','2020-04-11 14:40:48'),(872,9,'SEC',45.00,NULL,'None','2020-04-11 14:40:48'),(873,9,'ACC',0.00,NULL,'None','2020-04-11 14:40:48'),(874,9,'PRDAT',3363.00,NULL,'None','2020-04-11 14:40:48'),(875,9,'POM',45.00,NULL,'None','2020-04-11 14:40:48'),(876,9,'TRVCO',3.00,NULL,'None','2020-04-11 14:40:48'),(882,9,'KTAPP',25.00,NULL,'None','2020-04-11 14:41:22'),(883,9,'KTSSR',5.00,NULL,'None','2020-04-11 14:41:22'),(884,9,'SIT',455.00,NULL,'None','2020-04-11 14:41:22'),(885,9,'UAT',122.00,NULL,'None','2020-04-11 14:41:22'),(886,9,'PERF',21.00,NULL,'None','2020-04-11 14:41:22'),(887,9,'SEC',45.00,NULL,'None','2020-04-11 14:41:22'),(888,9,'ACC',0.00,NULL,'None','2020-04-11 14:41:22'),(889,9,'PRDAT',3363.00,NULL,'None','2020-04-11 14:41:22'),(890,9,'POM',45.00,NULL,'None','2020-04-11 14:41:22'),(891,9,'TRVCO',3.00,NULL,'None','2020-04-11 14:41:22'),(897,9,'KTAPP',25.00,NULL,'None','2020-04-11 14:42:48'),(898,9,'KTSSR',5.00,NULL,'None','2020-04-11 14:42:48'),(899,9,'SIT',455.00,NULL,'None','2020-04-11 14:42:48'),(900,9,'UAT',122.00,NULL,'None','2020-04-11 14:42:48'),(901,9,'PERF',21.00,NULL,'None','2020-04-11 14:42:48'),(902,9,'SEC',45.00,NULL,'None','2020-04-11 14:42:48'),(903,9,'ACC',0.00,NULL,'None','2020-04-11 14:42:48'),(904,9,'PRDAT',3363.00,NULL,'None','2020-04-11 14:42:48'),(905,9,'POM',45.00,NULL,'None','2020-04-11 14:42:48'),(906,9,'TRVCO',3.00,NULL,'None','2020-04-11 14:42:48'),(912,9,'KTAPP',25.00,NULL,'None','2020-04-11 14:44:32'),(913,9,'KTSSR',5.00,NULL,'None','2020-04-11 14:44:32'),(914,9,'SIT',455.00,NULL,'None','2020-04-11 14:44:32'),(915,9,'UAT',122.00,NULL,'None','2020-04-11 14:44:32'),(916,9,'PERF',21.00,NULL,'None','2020-04-11 14:44:32'),(917,9,'SEC',45.00,NULL,'None','2020-04-11 14:44:32'),(918,9,'ACC',0.00,NULL,'None','2020-04-11 14:44:32'),(919,9,'PRDAT',3363.00,NULL,'None','2020-04-11 14:44:32'),(920,9,'POM',45.00,NULL,'None','2020-04-11 14:44:32'),(921,9,'TRVCO',3.00,NULL,'None','2020-04-11 14:44:32'),(927,9,'KTAPP',25.00,NULL,'None','2020-04-11 14:49:11'),(928,9,'KTSSR',5.00,NULL,'None','2020-04-11 14:49:11'),(929,9,'SIT',455.00,NULL,'None','2020-04-11 14:49:11'),(930,9,'UAT',122.00,NULL,'None','2020-04-11 14:49:11'),(931,9,'PERF',21.00,NULL,'None','2020-04-11 14:49:11'),(932,9,'SEC',45.00,NULL,'None','2020-04-11 14:49:11'),(933,9,'ACC',0.00,NULL,'None','2020-04-11 14:49:11'),(934,9,'PRDAT',3363.00,NULL,'None','2020-04-11 14:49:11'),(935,9,'POM',45.00,NULL,'None','2020-04-11 14:49:11'),(936,9,'TRVCO',3.00,NULL,'None','2020-04-11 14:49:11'),(942,9,'KTAPP',25.00,NULL,'None','2020-04-11 14:50:34'),(943,9,'KTSSR',5.00,NULL,'None','2020-04-11 14:50:34'),(944,9,'SIT',455.00,NULL,'None','2020-04-11 14:50:34'),(945,9,'UAT',122.00,NULL,'None','2020-04-11 14:50:34'),(946,9,'PERF',21.00,NULL,'None','2020-04-11 14:50:34'),(947,9,'SEC',45.00,NULL,'None','2020-04-11 14:50:34'),(948,9,'ACC',0.00,NULL,'None','2020-04-11 14:50:34'),(949,9,'PRDAT',3363.00,NULL,'None','2020-04-11 14:50:34'),(950,9,'POM',45.00,NULL,'None','2020-04-11 14:50:34'),(951,9,'TRVCO',3.00,NULL,'None','2020-04-11 14:50:34'),(957,9,'KTAPP',25.00,NULL,'None','2020-04-11 14:51:57'),(958,9,'KTSSR',5.00,NULL,'None','2020-04-11 14:51:57'),(959,9,'SIT',455.00,NULL,'None','2020-04-11 14:51:57'),(960,9,'UAT',122.00,NULL,'None','2020-04-11 14:51:57'),(961,9,'PERF',21.00,NULL,'None','2020-04-11 14:51:57'),(962,9,'SEC',45.00,NULL,'None','2020-04-11 14:51:57'),(963,9,'ACC',0.00,NULL,'None','2020-04-11 14:51:57'),(964,9,'PRDAT',3363.00,NULL,'None','2020-04-11 14:51:57'),(965,9,'POM',45.00,NULL,'None','2020-04-11 14:51:57'),(966,9,'TRVCO',3.00,NULL,'None','2020-04-11 14:51:57'),(972,9,'KTAPP',25.00,NULL,'None','2020-04-11 14:52:03'),(973,9,'KTSSR',5.00,NULL,'None','2020-04-11 14:52:03'),(974,9,'SIT',455.00,NULL,'None','2020-04-11 14:52:03'),(975,9,'UAT',122.00,NULL,'None','2020-04-11 14:52:03'),(976,9,'PERF',21.00,NULL,'None','2020-04-11 14:52:03'),(977,9,'SEC',45.00,NULL,'None','2020-04-11 14:52:03'),(978,9,'ACC',0.00,NULL,'None','2020-04-11 14:52:03'),(979,9,'PRDAT',3363.00,NULL,'None','2020-04-11 14:52:03'),(980,9,'POM',45.00,NULL,'None','2020-04-11 14:52:03'),(981,9,'TRVCO',3.00,NULL,'None','2020-04-11 14:52:03'),(987,9,'KTAPP',25.00,NULL,'None','2020-04-11 14:52:37'),(988,9,'KTSSR',5.00,NULL,'None','2020-04-11 14:52:37'),(989,9,'SIT',455.00,NULL,'None','2020-04-11 14:52:37'),(990,9,'UAT',122.00,NULL,'None','2020-04-11 14:52:37'),(991,9,'PERF',21.00,NULL,'None','2020-04-11 14:52:37'),(992,9,'SEC',45.00,NULL,'None','2020-04-11 14:52:37'),(993,9,'ACC',0.00,NULL,'None','2020-04-11 14:52:37'),(994,9,'PRDAT',3363.00,NULL,'None','2020-04-11 14:52:37'),(995,9,'POM',45.00,NULL,'None','2020-04-11 14:52:37'),(996,9,'TRVCO',3.00,NULL,'None','2020-04-11 14:52:37'),(1002,9,'KTAPP',25.00,NULL,'None','2020-04-11 14:54:21'),(1003,9,'KTSSR',5.00,NULL,'None','2020-04-11 14:54:21'),(1004,9,'SIT',455.00,NULL,'None','2020-04-11 14:54:21'),(1005,9,'UAT',122.00,NULL,'None','2020-04-11 14:54:21'),(1006,9,'PERF',21.00,NULL,'None','2020-04-11 14:54:21'),(1007,9,'SEC',45.00,NULL,'None','2020-04-11 14:54:21'),(1008,9,'ACC',0.00,NULL,'None','2020-04-11 14:54:21'),(1009,9,'PRDAT',3363.00,NULL,'None','2020-04-11 14:54:21'),(1010,9,'POM',45.00,NULL,'None','2020-04-11 14:54:21'),(1011,9,'TRVCO',3.00,NULL,'None','2020-04-11 14:54:21'),(1017,9,'KTAPP',25.00,NULL,NULL,'2020-04-11 14:59:29'),(1018,9,'KTSSR',5.00,NULL,'None','2020-04-11 14:59:29'),(1019,9,'SIT',455.00,NULL,'None','2020-04-11 14:59:29'),(1020,9,'UAT',122.00,NULL,'None','2020-04-11 14:59:29'),(1021,9,'PERF',21.00,NULL,'None','2020-04-11 14:59:29'),(1022,9,'SEC',45.00,NULL,'None','2020-04-11 14:59:29'),(1023,9,'ACC',0.00,NULL,'None','2020-04-11 14:59:29'),(1024,9,'PRDAT',3363.00,NULL,'None','2020-04-11 14:59:29'),(1025,9,'POM',45.00,NULL,'None','2020-04-11 14:59:29'),(1026,9,'TRVCO',3.00,NULL,'None','2020-04-11 14:59:29'),(1032,9,'KTAPP',25.00,NULL,'None','2020-04-11 15:12:12'),(1033,9,'KTSSR',5.00,NULL,'None','2020-04-11 15:12:12'),(1034,9,'SIT',455.00,NULL,'None','2020-04-11 15:12:12'),(1035,9,'UAT',122.00,NULL,'None','2020-04-11 15:12:12'),(1036,9,'PERF',21.00,NULL,'None','2020-04-11 15:12:12'),(1037,9,'SEC',45.00,NULL,'None','2020-04-11 15:12:12'),(1038,9,'ACC',0.00,NULL,'None','2020-04-11 15:12:12'),(1039,9,'PRDAT',3363.00,NULL,'None','2020-04-11 15:12:12'),(1040,9,'POM',44.00,NULL,'None','2020-04-11 15:12:12'),(1041,9,'TRVCO',3.00,NULL,'None','2020-04-11 15:12:12'),(1047,38,'KTAPP',50.00,NULL,'akt','2020-04-11 22:44:27'),(1048,38,'KTSSR',25.00,NULL,'trr','2020-04-11 22:44:27'),(1049,38,'SIT',1500.00,NULL,'int test','2020-04-11 22:44:27'),(1050,38,'UAT',270.00,NULL,'uat support','2020-04-11 22:44:27'),(1051,38,'PERF',255.00,NULL,'perf','2020-04-11 22:44:27'),(1052,38,'SEC',78.00,NULL,'sec test','2020-04-11 22:44:27'),(1053,38,'ACC',12.00,NULL,'acc test','2020-04-11 22:44:27'),(1054,38,'PRDAT',15.00,NULL,'prod act','2020-04-11 22:44:27'),(1055,38,'POM',300.00,NULL,'pom','2020-04-11 22:44:27'),(1056,38,'TRVCO',10.00,NULL,'to quincy','2020-04-11 22:44:27'),(1062,38,'KTAPP',50.00,NULL,'akt','2020-04-15 12:19:30'),(1063,38,'KTSSR',25.00,NULL,'trr','2020-04-15 12:19:30'),(1064,38,'SIT',1500.00,NULL,'int test','2020-04-15 12:19:30'),(1065,38,'UAT',270.00,NULL,'uat support','2020-04-15 12:19:30'),(1066,38,'PERF',255.00,NULL,'perf','2020-04-15 12:19:30'),(1067,38,'SEC',78.00,NULL,'sec test','2020-04-15 12:19:30'),(1068,38,'ACC',12.00,NULL,'acc test','2020-04-15 12:19:30'),(1069,38,'PRDAT',15.00,NULL,'prod act','2020-04-15 12:19:30'),(1070,38,'POM',300.00,NULL,'pom','2020-04-15 12:19:30'),(1071,38,'TRVCO',10.00,NULL,'to quincy','2020-04-15 12:19:30'),(1077,38,'KTAPP',50.00,NULL,'akt','2020-04-15 12:19:39'),(1078,38,'KTSSR',25.00,NULL,'trr','2020-04-15 12:19:39'),(1079,38,'SIT',1500.00,NULL,'int test','2020-04-15 12:19:39'),(1080,38,'UAT',270.00,NULL,'uat support','2020-04-15 12:19:39'),(1081,38,'PERF',255.00,NULL,'perf','2020-04-15 12:19:39'),(1082,38,'SEC',78.00,NULL,'sec test','2020-04-15 12:19:39'),(1083,38,'ACC',12.00,NULL,'acc test','2020-04-15 12:19:39'),(1084,38,'PRDAT',15.00,NULL,'prod act','2020-04-15 12:19:39'),(1085,38,'POM',300.00,NULL,'pom','2020-04-15 12:19:39'),(1086,38,'TRVCO',10.00,NULL,'to quincy','2020-04-15 12:19:39'),(1092,38,'KTAPP',50.00,NULL,'akt','2020-04-15 12:19:42'),(1093,38,'KTSSR',25.00,NULL,'trr','2020-04-15 12:19:42'),(1094,38,'SIT',1500.00,NULL,'int test','2020-04-15 12:19:42'),(1095,38,'UAT',270.00,NULL,'uat support','2020-04-15 12:19:42'),(1096,38,'PERF',255.00,NULL,'perf','2020-04-15 12:19:42'),(1097,38,'SEC',78.00,NULL,'sec test','2020-04-15 12:19:42'),(1098,38,'ACC',12.00,NULL,'acc test','2020-04-15 12:19:42'),(1099,38,'PRDAT',15.00,NULL,'prod act','2020-04-15 12:19:42'),(1100,38,'POM',300.00,NULL,'pom','2020-04-15 12:19:42'),(1101,38,'TRVCO',10.00,NULL,'to quincy','2020-04-15 12:19:42'),(1107,38,'KTAPP',50.00,NULL,'akt','2020-04-15 12:19:53'),(1108,38,'KTSSR',25.00,NULL,'trr','2020-04-15 12:19:53'),(1109,38,'SIT',1500.00,NULL,'int test','2020-04-15 12:19:53'),(1110,38,'UAT',270.00,NULL,'uat support','2020-04-15 12:19:53'),(1111,38,'PERF',255.00,NULL,'perf','2020-04-15 12:19:53'),(1112,38,'SEC',78.00,NULL,'sec test','2020-04-15 12:19:53'),(1113,38,'ACC',12.00,NULL,'acc test','2020-04-15 12:19:53'),(1114,38,'PRDAT',15.00,NULL,'prod act','2020-04-15 12:19:53'),(1115,38,'POM',300.00,NULL,'pom','2020-04-15 12:19:53'),(1116,38,'TRVCO',10.00,NULL,'to quincy','2020-04-15 12:19:53'),(1122,38,'KTAPP',50.00,NULL,'akt','2020-04-15 12:20:05'),(1123,38,'KTSSR',25.00,NULL,'trr','2020-04-15 12:20:05'),(1124,38,'SIT',1500.00,NULL,'int test','2020-04-15 12:20:05'),(1125,38,'UAT',270.00,NULL,'uat support','2020-04-15 12:20:05'),(1126,38,'PERF',255.00,NULL,'perf','2020-04-15 12:20:05'),(1127,38,'SEC',78.00,NULL,'sec test','2020-04-15 12:20:05'),(1128,38,'ACC',12.00,NULL,'acc test','2020-04-15 12:20:05'),(1129,38,'PRDAT',15.00,NULL,'prod act','2020-04-15 12:20:05'),(1130,38,'POM',300.00,NULL,'pom','2020-04-15 12:20:05'),(1131,38,'TRVCO',10.00,NULL,'to quincy','2020-04-15 12:20:05'),(1137,43,'KTAPP',NULL,NULL,NULL,'2020-04-16 12:10:37'),(1138,43,'KTSSR',NULL,NULL,NULL,'2020-04-16 12:10:37'),(1139,43,'SIT',355.00,NULL,NULL,'2020-04-16 12:10:37'),(1140,43,'UAT',65.00,NULL,NULL,'2020-04-16 12:10:37'),(1141,43,'PERF',442.00,NULL,NULL,'2020-04-16 12:10:37'),(1142,43,'SEC',408.00,NULL,NULL,'2020-04-16 12:10:37'),(1143,43,'ACC',NULL,NULL,NULL,'2020-04-16 12:10:37'),(1144,43,'PRDAT',NULL,NULL,NULL,'2020-04-16 12:10:37'),(1145,43,'POM',NULL,NULL,NULL,'2020-04-16 12:10:37'),(1146,43,'TRVCO',1000.00,NULL,NULL,'2020-04-16 12:10:37'),(1152,43,'KTAPP',NULL,NULL,'None','2020-04-16 12:10:38'),(1153,43,'KTSSR',NULL,NULL,'None','2020-04-16 12:10:38'),(1154,43,'SIT',355.00,NULL,'None','2020-04-16 12:10:38'),(1155,43,'UAT',65.00,NULL,'None','2020-04-16 12:10:38'),(1156,43,'PERF',442.00,NULL,'None','2020-04-16 12:10:38'),(1157,43,'SEC',408.00,NULL,'None','2020-04-16 12:10:38'),(1158,43,'ACC',NULL,NULL,'None','2020-04-16 12:10:38'),(1159,43,'PRDAT',NULL,NULL,'None','2020-04-16 12:10:38'),(1160,43,'POM',NULL,NULL,'None','2020-04-16 12:10:38'),(1161,43,'TRVCO',1000.00,NULL,'None','2020-04-16 12:10:38'),(1167,38,'KTAPP',50.00,NULL,'akt','2020-04-16 20:48:08'),(1168,38,'KTSSR',25.00,NULL,'trr','2020-04-16 20:48:08'),(1169,38,'SIT',1500.00,NULL,'int test','2020-04-16 20:48:08'),(1170,38,'UAT',270.00,NULL,'uat support','2020-04-16 20:48:08'),(1171,38,'PERF',255.00,NULL,'perf','2020-04-16 20:48:08'),(1172,38,'SEC',78.00,NULL,'sec test','2020-04-16 20:48:08'),(1173,38,'ACC',12.00,NULL,'acc test','2020-04-16 20:48:08'),(1174,38,'PRDAT',15.00,NULL,'prod act','2020-04-16 20:48:08'),(1175,38,'POM',300.00,NULL,'pom','2020-04-16 20:48:08'),(1176,38,'TRVCO',10.00,NULL,'to quincy','2020-04-16 20:48:08'),(1182,38,'KTAPP',50.00,NULL,'akt','2020-04-16 20:58:19'),(1183,38,'KTSSR',25.00,NULL,'trr','2020-04-16 20:58:19'),(1184,38,'SIT',1600.00,NULL,'int test','2020-04-16 20:58:19'),(1185,38,'UAT',270.00,NULL,'uat support','2020-04-16 20:58:19'),(1186,38,'PERF',255.00,NULL,'perf','2020-04-16 20:58:19'),(1187,38,'SEC',78.00,NULL,'sec test','2020-04-16 20:58:19'),(1188,38,'ACC',12.00,NULL,'acc test','2020-04-16 20:58:19'),(1189,38,'PRDAT',15.00,NULL,'prod act','2020-04-16 20:58:19'),(1190,38,'POM',300.00,NULL,'pom','2020-04-16 20:58:19'),(1191,38,'TRVCO',10.00,NULL,'to quincy','2020-04-16 20:58:19'),(1197,38,'KTAPP',50.00,NULL,'akt','2020-04-16 21:26:22'),(1198,38,'KTSSR',25.00,NULL,'trr','2020-04-16 21:26:22'),(1199,38,'SIT',1600.00,NULL,'int test','2020-04-16 21:26:22'),(1200,38,'UAT',270.00,NULL,'uat support','2020-04-16 21:26:22'),(1201,38,'PERF',255.00,NULL,'perf','2020-04-16 21:26:22'),(1202,38,'SEC',78.00,NULL,'sec test','2020-04-16 21:26:22'),(1203,38,'ACC',12.00,NULL,'acc test','2020-04-16 21:26:22'),(1204,38,'PRDAT',15.00,NULL,'prod act','2020-04-16 21:26:22'),(1205,38,'POM',300.00,NULL,'pom','2020-04-16 21:26:22'),(1206,38,'TRVCO',10.00,NULL,'to quincy','2020-04-16 21:26:22');
/*!40000 ALTER TABLE `del_log_qagile_rfs_estimates` ENABLE KEYS */;
UNLOCK TABLES;

--
-- Table structure for table `django_admin_log`
--

DROP TABLE IF EXISTS `django_admin_log`;
/*!40101 SET @saved_cs_client     = @@character_set_client */;
/*!50503 SET character_set_client = utf8mb4 */;
CREATE TABLE `django_admin_log` (
  `id` int NOT NULL AUTO_INCREMENT,
  `action_time` datetime(6) NOT NULL,
  `object_id` longtext,
  `object_repr` varchar(200) NOT NULL,
  `action_flag` smallint unsigned NOT NULL,
  `change_message` longtext NOT NULL,
  `content_type_id` int DEFAULT NULL,
  `user_id` int NOT NULL,
  PRIMARY KEY (`id`),
  KEY `django_admin_log_content_type_id_c4bce8eb_fk_django_co` (`content_type_id`),
  KEY `django_admin_log_user_id_c564eba6_fk_auth_user_id` (`user_id`),
  CONSTRAINT `django_admin_log_content_type_id_c4bce8eb_fk_django_co` FOREIGN KEY (`content_type_id`) REFERENCES `django_content_type` (`id`),
  CONSTRAINT `django_admin_log_user_id_c564eba6_fk_auth_user_id` FOREIGN KEY (`user_id`) REFERENCES `auth_user` (`id`),
  CONSTRAINT `django_admin_log_chk_1` CHECK ((`action_flag` >= 0))
) ENGINE=InnoDB DEFAULT CHARSET=utf8mb4 COLLATE=utf8mb4_0900_ai_ci;
/*!40101 SET character_set_client = @saved_cs_client */;

--
-- Dumping data for table `django_admin_log`
--

LOCK TABLES `django_admin_log` WRITE;
/*!40000 ALTER TABLE `django_admin_log` DISABLE KEYS */;
/*!40000 ALTER TABLE `django_admin_log` ENABLE KEYS */;
UNLOCK TABLES;

--
-- Table structure for table `django_content_type`
--

DROP TABLE IF EXISTS `django_content_type`;
/*!40101 SET @saved_cs_client     = @@character_set_client */;
/*!50503 SET character_set_client = utf8mb4 */;
CREATE TABLE `django_content_type` (
  `id` int NOT NULL AUTO_INCREMENT,
  `app_label` varchar(100) NOT NULL,
  `model` varchar(100) NOT NULL,
  PRIMARY KEY (`id`),
  UNIQUE KEY `django_content_type_app_label_model_76bd3d3b_uniq` (`app_label`,`model`)
) ENGINE=InnoDB AUTO_INCREMENT=7 DEFAULT CHARSET=utf8mb4 COLLATE=utf8mb4_0900_ai_ci;
/*!40101 SET character_set_client = @saved_cs_client */;

--
-- Dumping data for table `django_content_type`
--

LOCK TABLES `django_content_type` WRITE;
/*!40000 ALTER TABLE `django_content_type` DISABLE KEYS */;
INSERT INTO `django_content_type` VALUES (1,'admin','logentry'),(3,'auth','group'),(2,'auth','permission'),(4,'auth','user'),(5,'contenttypes','contenttype'),(6,'sessions','session');
/*!40000 ALTER TABLE `django_content_type` ENABLE KEYS */;
UNLOCK TABLES;

--
-- Table structure for table `django_migrations`
--

DROP TABLE IF EXISTS `django_migrations`;
/*!40101 SET @saved_cs_client     = @@character_set_client */;
/*!50503 SET character_set_client = utf8mb4 */;
CREATE TABLE `django_migrations` (
  `id` int NOT NULL AUTO_INCREMENT,
  `app` varchar(255) NOT NULL,
  `name` varchar(255) NOT NULL,
  `applied` datetime(6) NOT NULL,
  PRIMARY KEY (`id`)
) ENGINE=InnoDB AUTO_INCREMENT=18 DEFAULT CHARSET=utf8mb4 COLLATE=utf8mb4_0900_ai_ci;
/*!40101 SET character_set_client = @saved_cs_client */;

--
-- Dumping data for table `django_migrations`
--

LOCK TABLES `django_migrations` WRITE;
/*!40000 ALTER TABLE `django_migrations` DISABLE KEYS */;
INSERT INTO `django_migrations` VALUES (1,'contenttypes','0001_initial','2020-03-07 04:20:56.368821'),(2,'auth','0001_initial','2020-03-07 04:20:56.503808'),(3,'admin','0001_initial','2020-03-07 04:20:56.837802'),(4,'admin','0002_logentry_remove_auto_add','2020-03-07 04:20:56.935179'),(5,'admin','0003_logentry_add_action_flag_choices','2020-03-07 04:20:56.950384'),(6,'contenttypes','0002_remove_content_type_name','2020-03-07 04:20:57.041999'),(7,'auth','0002_alter_permission_name_max_length','2020-03-07 04:20:57.094749'),(8,'auth','0003_alter_user_email_max_length','2020-03-07 04:20:57.143031'),(9,'auth','0004_alter_user_username_opts','2020-03-07 04:20:57.154104'),(10,'auth','0005_alter_user_last_login_null','2020-03-07 04:20:57.199974'),(11,'auth','0006_require_contenttypes_0002','2020-03-07 04:20:57.203642'),(12,'auth','0007_alter_validators_add_error_messages','2020-03-07 04:20:57.213419'),(13,'auth','0008_alter_user_username_max_length','2020-03-07 04:20:57.276343'),(14,'auth','0009_alter_user_last_name_max_length','2020-03-07 04:20:57.353040'),(15,'auth','0010_alter_group_name_max_length','2020-03-07 04:20:57.381979'),(16,'auth','0011_update_proxy_permissions','2020-03-07 04:20:57.401354'),(17,'sessions','0001_initial','2020-03-07 04:20:57.424470');
/*!40000 ALTER TABLE `django_migrations` ENABLE KEYS */;
UNLOCK TABLES;

--
-- Table structure for table `django_session`
--

DROP TABLE IF EXISTS `django_session`;
/*!40101 SET @saved_cs_client     = @@character_set_client */;
/*!50503 SET character_set_client = utf8mb4 */;
CREATE TABLE `django_session` (
  `session_key` varchar(40) NOT NULL,
  `session_data` longtext NOT NULL,
  `expire_date` datetime(6) NOT NULL,
  PRIMARY KEY (`session_key`),
  KEY `django_session_expire_date_a5c62663` (`expire_date`)
) ENGINE=InnoDB DEFAULT CHARSET=utf8mb4 COLLATE=utf8mb4_0900_ai_ci;
/*!40101 SET character_set_client = @saved_cs_client */;

--
-- Dumping data for table `django_session`
--

LOCK TABLES `django_session` WRITE;
/*!40000 ALTER TABLE `django_session` DISABLE KEYS */;
INSERT INTO `django_session` VALUES ('dzib9d5qquboj3azykrkxx8xscyj26n1','MzAwYmNiM2U4YzIwZjc5ZDNmMTgzMTRmNmRjZDA3YWNkNTcwZjQ0YTp7Il9hdXRoX3VzZXJfaWQiOiIyIiwiX2F1dGhfdXNlcl9iYWNrZW5kIjoiZGphbmdvLmNvbnRyaWIuYXV0aC5iYWNrZW5kcy5Nb2RlbEJhY2tlbmQiLCJfYXV0aF91c2VyX2hhc2giOiI2ZTZkNjgzNGVmNjcxMDFjMWNjZjZiYmY3MWJhMWRiMDU1M2E2MzZkIn0=','2020-03-24 19:27:34.825959'),('h7qek6q1zbauigttj30hek8a1wushmvl','ZGZhZmU5MjNlNTVlNWRhYjI2ODBiNjFkMjIzNWJiZjYzZDM2NmY0YTp7Il9hdXRoX3VzZXJfaWQiOiIxIiwiX2F1dGhfdXNlcl9iYWNrZW5kIjoiZGphbmdvLmNvbnRyaWIuYXV0aC5iYWNrZW5kcy5Nb2RlbEJhY2tlbmQiLCJfYXV0aF91c2VyX2hhc2giOiI1MDE5YTcwMjc0ZTBjYzY1NmQ0N2ZlZTM4ZGRmYjc3YjhhOTRmYmYzIn0=','2020-03-22 01:58:14.368453');
/*!40000 ALTER TABLE `django_session` ENABLE KEYS */;
UNLOCK TABLES;

--
-- Table structure for table `qagile_domains`
--

DROP TABLE IF EXISTS `qagile_domains`;
/*!40101 SET @saved_cs_client     = @@character_set_client */;
/*!50503 SET character_set_client = utf8mb4 */;
CREATE TABLE `qagile_domains` (
  `domain_id` int NOT NULL AUTO_INCREMENT,
  `domain_name` varchar(45) NOT NULL,
  `domain_lead` varchar(10) DEFAULT NULL,
  `domain_lead_two` varchar(10) DEFAULT NULL,
  `pom` varchar(10) DEFAULT NULL,
  PRIMARY KEY (`domain_id`),
  KEY `fk_domain_person_dl1_idx` (`domain_lead`),
  KEY `fk_domain_person_dl1_idx1` (`domain_lead_two`),
  KEY `fk_domain_person_pom_idx` (`pom`),
  CONSTRAINT `fk_domain_person_dl1` FOREIGN KEY (`domain_lead`) REFERENCES `qagile_person` (`vnid`) ON DELETE SET NULL ON UPDATE CASCADE,
  CONSTRAINT `fk_domain_person_pom` FOREIGN KEY (`pom`) REFERENCES `qagile_person` (`vnid`)
) ENGINE=InnoDB AUTO_INCREMENT=11 DEFAULT CHARSET=utf8mb4 COLLATE=utf8mb4_0900_ai_ci;
/*!40101 SET character_set_client = @saved_cs_client */;

--
-- Dumping data for table `qagile_domains`
--

LOCK TABLES `qagile_domains` WRITE;
/*!40000 ALTER TABLE `qagile_domains` DISABLE KEYS */;
INSERT INTO `qagile_domains` VALUES (1,'MDM','vn05672',NULL,NULL),(2,'BIDM-API','vn03895','vn05672','UPDATE1'),(3,'HR / Corp',NULL,NULL,NULL),(4,'Marketing',NULL,NULL,NULL),(5,'Shared Services',NULL,NULL,NULL),(6,'RX/Fule/Pharmacy','vn06670',NULL,NULL),(7,'Finance',NULL,NULL,NULL),(8,'Test Domain','vn05979',NULL,NULL),(9,'Test Domain2','VN03674','vn06670',NULL),(10,'test',NULL,NULL,NULL);
/*!40000 ALTER TABLE `qagile_domains` ENABLE KEYS */;
UNLOCK TABLES;

--
-- Table structure for table `qagile_domains_team`
--

DROP TABLE IF EXISTS `qagile_domains_team`;
/*!40101 SET @saved_cs_client     = @@character_set_client */;
/*!50503 SET character_set_client = utf8mb4 */;
CREATE TABLE `qagile_domains_team` (
  `record_id` int NOT NULL AUTO_INCREMENT,
  `domain_id` int DEFAULT NULL,
  `vnid` varchar(10) DEFAULT NULL,
  PRIMARY KEY (`record_id`),
  KEY `fk_team_person_idx` (`vnid`),
  KEY `fk_team_domain_idx` (`domain_id`),
  CONSTRAINT `fk_team_domain` FOREIGN KEY (`domain_id`) REFERENCES `qagile_domains` (`domain_id`),
  CONSTRAINT `fk_team_person` FOREIGN KEY (`vnid`) REFERENCES `qagile_person` (`vnid`)
) ENGINE=InnoDB AUTO_INCREMENT=64 DEFAULT CHARSET=utf8mb4 COLLATE=utf8mb4_0900_ai_ci;
/*!40101 SET character_set_client = @saved_cs_client */;

--
-- Dumping data for table `qagile_domains_team`
--

LOCK TABLES `qagile_domains_team` WRITE;
/*!40000 ALTER TABLE `qagile_domains_team` DISABLE KEYS */;
INSERT INTO `qagile_domains_team` VALUES (10,1,'vn03616'),(14,3,'vn05979'),(15,1,'VN06804'),(16,1,'vn07098'),(17,1,'VN07325'),(18,5,'vn12345'),(24,1,'VN03844'),(25,2,'VN03844'),(26,5,'VN03844'),(27,3,'vn04597'),(28,1,'vn05672'),(29,2,'VN05861'),(30,2,'VN06344'),(31,2,'vn03893'),(32,2,'vn03895'),(41,3,'vn01010'),(45,2,'UPDATE1'),(46,4,'UPDATE1'),(51,1,'vnidtes'),(52,3,'vnidtes'),(53,7,'vnidtes'),(54,4,'vn03626'),(55,5,'vn02185'),(56,5,'vn06493'),(58,5,'vn03617'),(59,1,'1242198'),(60,5,'VN06492'),(61,6,'vn00000'),(62,2,'vn00001'),(63,6,'vn00001');
/*!40000 ALTER TABLE `qagile_domains_team` ENABLE KEYS */;
UNLOCK TABLES;

--
-- Table structure for table `qagile_person`
--

DROP TABLE IF EXISTS `qagile_person`;
/*!40101 SET @saved_cs_client     = @@character_set_client */;
/*!50503 SET character_set_client = utf8mb4 */;
CREATE TABLE `qagile_person` (
  `vnid` varchar(10) NOT NULL,
  `first_name` varchar(45) NOT NULL,
  `last_name` varchar(45) NOT NULL,
  `email` varchar(45) DEFAULT NULL,
  `domain_id_rem` int DEFAULT NULL,
  `category` varchar(45) DEFAULT NULL COMMENT 'Flex etc',
  `rate_id` int DEFAULT NULL,
  `phone` varchar(45) DEFAULT NULL,
  `created` datetime DEFAULT CURRENT_TIMESTAMP,
  `role_id` int DEFAULT NULL,
  `location_id` int DEFAULT NULL,
  PRIMARY KEY (`vnid`),
  KEY `fk_person_role_id_idx` (`role_id`),
  CONSTRAINT `fk_person_role_id` FOREIGN KEY (`role_id`) REFERENCES `qagile_person_role` (`role_id`) ON DELETE SET NULL ON UPDATE CASCADE
) ENGINE=InnoDB DEFAULT CHARSET=utf8mb4 COLLATE=utf8mb4_0900_ai_ci;
/*!40101 SET character_set_client = @saved_cs_client */;

--
-- Dumping data for table `qagile_person`
--

LOCK TABLES `qagile_person` WRITE;
/*!40000 ALTER TABLE `qagile_person` DISABLE KEYS */;
INSERT INTO `qagile_person` VALUES ('1242198','Coonie','Koonts','Connie.koonts@delhaize.com',6,'Core',16,'+1-909-212-8786','2020-03-14 21:57:16',2,3),('FAKE1','Biju','Mathew','biju.mathew@ibm.com',NULL,'Flex',NULL,' +1 267 223 9783','2020-03-07 19:56:26',NULL,NULL),('FAKE2','Dasaradha','Ramu','Dasaradha.Medha@ibm.com',NULL,'Flex',NULL,'+1 704-293-4814','2020-03-07 19:56:26',NULL,NULL),('FAKE3','Orkhan','Salmanov','Orkhan.Salmanov@ibm.com',NULL,'Flex',NULL,'+1 774-359-5516','2020-03-07 19:56:27',NULL,NULL),('FAKE4','Rupa','Elizabeth','Rupa.Elizabeth.Thomas@ibm.com',NULL,'Flex',NULL,'+1-224-423-3323','2020-03-07 19:56:27',NULL,NULL),('FAKE5','Ronald','Weiner','ronald.weiner@ibm.com',NULL,'Flex',NULL,' +1 248 875 3180','2020-03-07 19:56:27',NULL,NULL),('FAKE6','Surabhi','Praveen','Praveen.Kumar.Surabhi@ibm.com',NULL,'Flex',NULL,'+1 630-767-9080','2020-03-07 19:56:27',NULL,NULL),('FAKE7','Akshay','R','',NULL,'Core',NULL,'TBD','2020-03-07 19:56:27',NULL,NULL),('FAKE8','Avula','Sucharitha','asuchar1@in.ibm.com',NULL,'Core',NULL,'91-9490978771','2020-03-07 19:56:27',NULL,NULL),('FAKE9','Saratchandra','Kadiveti','skadivet@in.ibm.com',NULL,'Core',NULL,'Not Known','2020-03-07 19:56:27',NULL,NULL),('UPDATE1','Tim','O\' Brien','',2,'',14,'','2020-03-14 22:04:05',2,4),('vn00000','Test','Name','w@e.c',NULL,'Core',15,'123123123','2020-04-16 19:46:41',3,4),('vn00001','Test1','Name1','w@e.c',NULL,'Core',23,'','2020-04-16 19:48:09',NULL,4),('VN00022691','Kumar','Gampa','Kumar.Gampa@ibm.com',NULL,'Flex',NULL,NULL,'2020-03-07 20:05:43',NULL,NULL),('vn01010','~`!@#$^&*()_-+\'={[}]|:;\"<,>.?/','all specials','w@b.c',NULL,'Core',15,'1212121212','2020-04-09 14:50:44',11,3),('vn01382','Yamini','Manikantudu','Yamini.Manikantudu.Pulamanthula@ibm.com',NULL,'Flex',NULL,'+1 551-587-2219','2020-03-07 19:56:27',NULL,NULL),('vn02185','Sumit','Ghosh','sughosh4@in.ibm.com',NULL,'Core',15,'91- 9836736652','2020-03-07 19:56:27',4,6),('vn03171','Tejas','Patki','tejpatki@in.ibm.com',NULL,'Flex',NULL,'1-704-499-7035','2020-03-07 19:56:27',NULL,NULL),('vn03615','Kallam','Nandini','kanandin@in.ibm.com',NULL,'Core',NULL,'91- 9704183346','2020-03-07 19:56:27',NULL,NULL),('vn03616','Jyotshna','D2','jyotshd6@in.ibm.com',1,'Core',14,'91- 8056977513','2020-03-07 19:56:27',7,6),('vn03617','Vinay','Prasad','vinapras@in.ibm.com',NULL,'Core',15,'91- 8939723438','2020-03-07 19:56:27',4,6),('vn03619','Pobbireddy','Sameera','psameera@in.ibm.com',NULL,'Core',NULL,'91- 9916596445','2020-03-07 19:56:27',NULL,NULL),('VN03620','Ayusmana','Samal','ayusamal@in.ibm.com',NULL,'Core',NULL,'91- 7760633389','2020-03-07 19:56:27',NULL,NULL),('vn03621','Jinesh','Madappattu','jineshmpaul@in.ibm.com',NULL,'Flex',NULL,'+1 603-930-1389','2020-03-07 19:56:26',NULL,NULL),('vn03623','Deepthi','Srinivas','deepsrin@in.ibm.com',NULL,'Core',NULL,'91- 9686849494','2020-03-07 19:56:27',NULL,NULL),('vn03624','Vijay','Kumar','vijdkuma@in.ibm.com',NULL,'Core',NULL,'+1 781-267-3567','2020-03-07 19:56:27',NULL,NULL),('vn03625','Vineetha','Srikireddy','vinees99@in.ibm.com',NULL,'Core',NULL,'91- 7829897807','2020-03-07 19:56:27',NULL,NULL),('vn03626','Koushar','Shaik','koushaik@in.ibm.com',NULL,'Core',15,'+1 740-490-1883','2020-03-07 19:56:26',7,3),('vn03627','Venkatesh','Mahenthiran','vmahenth@in.ibm.com',NULL,'Core',NULL,'91- 9738716718','2020-03-07 19:56:27',NULL,NULL),('vn03629','Shamshad','Alam','shamshad.alam@in.ibm.com',NULL,'Core',NULL,'91- 7022064141','2020-03-07 19:56:27',NULL,NULL),('VN03631','Theresa','Jackson','tajackson@us.ibm.com',NULL,'Core',NULL,'+1 901-485-8585','2020-03-07 19:56:27',NULL,NULL),('vn03638','Sudha','Suman','sudhasuman@in.ibm.com',NULL,'Core',NULL,'91- 9886680250','2020-03-07 19:56:27',NULL,NULL),('vn03640','Madhusudan','Rampa','madrampa@in.ibm.com',NULL,'Core',NULL,'91- 9632211447','2020-03-07 19:56:27',NULL,NULL),('vn03648','Gorripati','Srija','gsrija99@in.ibm.com',NULL,'Core',NULL,'91- 9606632052','2020-03-07 19:56:27',NULL,NULL),('VN03665','Gowrishankar','Kalepalli','gkalepal@in.ibm.com',NULL,'Core',NULL,'+1 330-242-8966','2020-03-07 19:56:26',NULL,NULL),('VN03674','Vivek','Sharma','vivek.sharmaz@in.ibm.com',NULL,'Flex',15,'+1 646-575-7583','2020-03-07 19:56:27',1,3),('vn03676','Shaakir','Khan','shaakir.ashraf@in.ibm.com',NULL,'Flex',NULL,'+1 781-971-9477','2020-03-07 19:56:27',NULL,NULL),('vn03677','Ambedkar','Prattipati','ambedkar.p@in.ibm.com',NULL,'Core',NULL,'+1 646-322-1758','2020-03-07 19:56:26',NULL,NULL),('vn03679','Nilu','Kakkad','nilu.kakkad@in.ibm.com',NULL,'Core',NULL,'+1 508-904-5155','2020-03-07 19:56:27',NULL,NULL),('vn03680','Anil','Madhava','animadha@in.ibm.com',NULL,'Core',NULL,'+1 774-297-8227','2020-03-07 19:56:26',NULL,NULL),('vn03694','K','Purushotham','pumurthy@in.ibm.com',NULL,'Core',NULL,'+1 302-803-9164','2020-03-07 19:56:26',NULL,NULL),('vn03709','Sankara','Ranganadh','sankaran@in.ibm.com',NULL,'Core',NULL,'91- 9886500726','2020-03-07 19:56:27',NULL,NULL),('VN03710','Raksha','Shrivastava','Raksha Shrivastava@in.ibm.com',NULL,'Core',NULL,'+1 469-586-9098','2020-03-07 19:56:27',NULL,NULL),('VN03844','Ajith','Nair2','ajithnair@in.ibm.com',NULL,'Core',NULL,'91- 9846968244','2020-03-07 19:56:27',NULL,NULL),('vn03893','Harish','Kumar','hkokkira@in.ibm.com',NULL,'Core',14,'91- 9444309871','2020-03-07 19:56:27',3,6),('VN03894','Shweta','Prasad','shwetapr@in.ibm.com',NULL,'Core',NULL,'+1 216-712-5032','2020-03-07 19:56:27',NULL,NULL),('vn03895','Avineet','Gupta','avineet.gupta@in.ibm.com',2,'Flex',16,'+1 614-787-0966','2020-03-07 19:56:26',1,NULL),('vn03918','Chandrashekar','Ranganathan','crangana@in.ibm.com',NULL,'Core',NULL,'+1 980-777-5278','2020-03-07 19:56:26',NULL,NULL),('vn03923','Kumudavalli','Nallaballe','knallaba@in.ibm.com',NULL,'Core',NULL,'91- 7760265905','2020-03-07 19:56:27',NULL,NULL),('vn04097','Sivaram','Dhulipala','Sivarama.Krishna.Dhulipala@ibm.com',NULL,'Flex',NULL,'+1 781-547-9030','2020-03-07 19:56:27',NULL,NULL),('vn04130','Praveen','Mani','pravmani@in.ibm.com',NULL,'Core',NULL,'+1 848-246-9708','2020-03-07 19:56:27',NULL,NULL),('vn04186','Yaswanth','J','yjeevana@in.ibm.com',NULL,'Core',NULL,'91- 9790830445','2020-03-07 19:56:27',NULL,NULL),('vn04215','Sharma','Prashant','sharma.prashant@in.ibm.com',NULL,'Flex',15,'91- 7796893354','2020-03-07 19:56:27',7,6),('vn04282','Riddhiman','De','riddhide@in.ibm.com',NULL,'Core',NULL,'91- 8981655631','2020-03-07 19:56:27',NULL,NULL),('vn04304','Kumaresh','Viswanathan','kuviswan@in.ibm.com',NULL,'Core',NULL,'91- 7339478787','2020-03-07 19:56:27',NULL,NULL),('vn04362','Anbalagan','Thavasi','athavasi@in.ibm.com',NULL,'Core',NULL,'91- 9916080564','2020-03-07 19:56:27',NULL,NULL),('vn04379','Dyllan','Rafail','dyllanrafail@ibm.com',NULL,'Core',NULL,'+1 734-276-8933','2020-03-07 19:56:26',NULL,NULL),('vn04536','Varun','Samidurai','vsamidu@us.ibm.com',NULL,'Core',NULL,'+1 517-489-5430','2020-03-07 19:56:27',NULL,NULL),('vn04596','Rajasekaran','Periasamy','raperias@in.ibm.com',NULL,'Core',NULL,'+1 469-386-0871','2020-03-07 19:56:27',NULL,NULL),('vn04597','Abdul','Pamidi','Abdul@ibm.com',3,'Flex',17,'91- 9347018033','2020-03-07 19:56:27',NULL,NULL),('vn04771','Ramesh','Rajanala','rarajana@in.ibm.com',NULL,'Core',NULL,'91- 9880525500','2020-03-07 19:56:27',NULL,NULL),('vn04789','Willetta','Ar-Rahmaan','willetta@us.ibm.com',NULL,'Flex',NULL,'+1 720-396-1407','2020-03-07 19:56:27',NULL,NULL),('vn04845','Justin','Lal','juvijaya@in.ibm.com',NULL,'Flex',NULL,'+1 864-326-7782','2020-03-07 19:56:26',NULL,NULL),('vn04864','Pallavi','Pothuru','ppothu11@in.ibm.com',NULL,'Core',NULL,'91-9490296764','2020-03-07 19:56:27',NULL,NULL),('vn05313','Bharat','Kandale','Bharat.Kandale@ibm.com',NULL,'Flex',NULL,'+1 917-771-6718','2020-03-07 19:56:26',NULL,NULL),('vn05438','Sreeman','Kancherla','sreeman@us.ibm.com',NULL,'Core',NULL,'+1 704-293-4814','2020-03-07 19:56:27',NULL,NULL),('vn05672','Tushar','Saxena','tushar.saxena@in.ibm.com',1,'Flex',16,'+1 318-680-1012','2020-03-07 19:56:27',1,3),('vn05856','Lakshmanan','Durairajan','lduraira@in.ibm.com',NULL,'Flex',NULL,'+1 469-648-8568','2020-03-07 19:56:27',NULL,NULL),('vn05858','Srinivas','Thatiparthi','srinivasthatiparthi@in.ibm.com',NULL,'Core',NULL,'+1 762-217-3208','2020-03-07 19:56:27',NULL,NULL),('VN05861','Sudhakar','Ambati','sudambat@in.ibm.com',NULL,'Core',14,'+1 479-657-0119','2020-03-07 19:56:27',7,3),('vn05918','Majid','Shahani','Majid.Hussain.Shahani@ibm.com',NULL,'Core',NULL,'+1 304-731-5390','2020-03-07 19:56:27',NULL,NULL),('VN05972','Charles','Aron','chararon@in.ibm.com',NULL,'Core',NULL,'91- 9663376076','2020-03-07 19:56:27',NULL,NULL),('vn05979','Divya','Sharma','divya.sharma@in.ibm.com',3,'Flex',NULL,'+1 405-397-0181','2020-03-07 19:56:26',1,NULL),('vn06003','Ramkumar','S','ramkus88@in.ibm.com',NULL,'Core',NULL,'91- 9095650906','2020-03-07 19:56:27',NULL,NULL),('vn06032','Radha','Ganti','radganti@in.ibm.com',NULL,'Flex',NULL,'+1 980-622-2822','2020-03-07 19:56:27',NULL,NULL),('vn06093','Namita','Singh','singhn29@in.ibm.com',NULL,'Core',NULL,'91- 7899092437','2020-03-07 19:56:27',NULL,NULL),('vn06098','Nihar','Samantray','nsamntra@in.ibm.com',NULL,'Core',NULL,'91- 9535077990','2020-03-07 19:56:27',NULL,NULL),('vn06179','Steven','Andrew','Steven.Andrew.Toth@ibm.com',NULL,'Flex',NULL,'+1 630-338-7352','2020-03-07 19:56:27',NULL,NULL),('vn06213','Banasree','Maji','banamaji@in.ibm.com',NULL,'Core',NULL,'+1 984-218-5997','2020-03-07 19:56:26',NULL,NULL),('vn06302','Kondamudi','Siva','knagapra@in.ibm.com',NULL,'Core',NULL,'91- 8712130492','2020-03-07 19:56:27',NULL,NULL),('VN06309','Divakar','D','divakads@in.ibm.com',NULL,'Core',NULL,'91- 9620058734','2020-03-07 19:56:27',NULL,NULL),('vn06312','Shyju','D','shyjud99@in.ibm.com',NULL,'Core',NULL,'91- 8971178757','2020-03-07 19:56:27',NULL,NULL),('VN06344','Mukesh','Mishra','Mukesh.Kumar.Mishra@ibm.com',NULL,'Core',14,'+1 980-365-1239','2020-03-07 19:56:27',3,3),('vn06345','Vidur','Kukreja','Vidur.Kukreja@ibm.com',NULL,'Core',NULL,'+1-980-565-9243','2020-03-07 19:56:27',NULL,NULL),('vn06351','Kiran','Bhardawaj','kiranrb10@in.ibm.com',NULL,'Core',NULL,'91- 9886003007','2020-03-07 19:56:27',NULL,NULL),('VN06429','Shikha','','shikhr99@in.ibm.com',NULL,'Core',NULL,'+917087781438','2020-03-07 19:56:27',NULL,NULL),('vn06448','Shiva','Muriki','Shiva.Kumar.Muriki1@ibm.com',NULL,'Core',NULL,'+1 408-387-9865','2020-03-07 19:56:27',NULL,NULL),('vn06467','Satya','Swaroop','Satya.Suram@delhaize.com',NULL,'Flex',NULL,'+1 336-566-8725','2020-03-07 19:56:27',NULL,NULL),('VN06489','Rajanikanth','Raghuraman','raraghur@in.ibm.com',NULL,'Core',NULL,'91- 9972788114','2020-03-07 19:56:27',NULL,NULL),('VN06491','Thirumala,','Vamsi','vamsimohan.t@in.ibm.com',NULL,'Flex',NULL,'+1 814-779-6927','2020-03-07 19:56:27',NULL,NULL),('VN06492','Busspalli','Ashok','aashok.kumar@in.ibm.com',NULL,'Core',15,'+1 732-715-7148','2020-03-07 19:56:26',5,3),('vn06493','Rakshith','Shravanahally','rakshith.v@in.ibm.com',NULL,'Core',15,'91- 7411193501','2020-03-07 19:56:27',11,6),('vn06507','Zakkiya','Sultana','zasulta1@in.ibm.com',NULL,'Core',NULL,'91- 7760265905','2020-03-07 19:56:27',NULL,NULL),('vn06509','Koushik','Barman','kbarman@us.ibm.com',NULL,'Flex',NULL,'+1 704-604- 0788','2020-03-07 19:56:26',NULL,NULL),('vn06533','Preetham','Malo','Preetham.Maloday.Prakash@ibm.com',NULL,'Core',NULL,'+1 980-217-1709','2020-03-07 19:56:27',NULL,NULL),('VN06651','Suresh','Kuriti','suresh.kuriti@in.ibm.com',NULL,'Flex',NULL,' +1 919-949-4681','2020-03-07 19:56:27',NULL,NULL),('vn06670','Venkat','Kota','venkata.kota@in.ibm.com',NULL,'Flex',16,'+1-470-261-1316','2020-03-07 19:56:27',1,3),('vn06671','Maass,','Werner','wkmaass@us.ibm.com',NULL,'Flex',NULL,'+1 704-490-3354','2020-03-07 19:56:27',NULL,NULL),('vn06684','Udaya','Naru','udaynaru@in.ibm.com',NULL,'Flex',NULL,'+1 984-238-6465','2020-03-07 19:56:27',NULL,NULL),('vn06751','Mavuri,','Hemanth','hemavuri@in.ibm.com',NULL,'Flex',NULL,'+1 966-604-2425','2020-03-07 19:56:27',NULL,NULL),('vn06754','Hima','Bindu','hbindu88@in.ibm.com',NULL,'Core',NULL,'91- 7483611744','2020-03-07 19:56:27',NULL,NULL),('vn06755','Ramamurthy','Radhakrishnan','ramaradh@in.ibm.com',NULL,'Core',NULL,'91- 9880016712','2020-03-07 19:56:27',NULL,NULL),('vn06756','Mahesh','K','mahesk99@in.ibm.com',NULL,'Core',NULL,'91- 8317379303','2020-03-07 19:56:27',NULL,NULL),('vn06757','Sowjanya','Sripurapu','sosiripu@in.ibm.com',NULL,'Core',NULL,'91- 9742357247','2020-03-07 19:56:27',NULL,NULL),('vn06782','Prahanth','Nagaraj','prashanth.nagaraj@in.ibm.com',NULL,'Core',NULL,'+1 614-715-0025','2020-03-07 19:56:27',NULL,NULL),('Vn06783','Ashok','kumar','ashokk13@in.ibm.com',NULL,'Core',NULL,'91- 9885371407','2020-03-07 19:56:27',NULL,NULL),('VN06804','Naveen','Kapu','navekapu@in.ibm.com',1,'Core',14,'1 469-982-3428','2020-03-07 19:56:27',3,3),('vn06823','Maneesh','Sanjeevan','maneesh.s@in.ibm.com',NULL,'Core',NULL,'91- 9886202706','2020-03-07 19:56:27',NULL,NULL),('vn06880','Mukesh','Agaram','mukesa88@in.ibm.com',NULL,'Core',NULL,'91- 7676490638','2020-03-07 19:56:27',NULL,NULL),('vn07086','Kevin','Hayes','Kevin.Hayes@ibm.com',NULL,'Flex',NULL,'+1 704-575-2457','2020-03-07 19:56:26',NULL,NULL),('VN07089','Dayakar','Dharmareddy','Dayakar.Dharmareddy@ibm.com',NULL,'Flex',NULL,'+1 682-414-5018','2020-03-07 19:56:26',NULL,NULL),('vn07097','Satish','Patil','satishssp@in.ibm.com',NULL,'Core',NULL,'91-9945072127','2020-03-07 19:56:27',NULL,NULL),('vn07098','Kavitha','Stephen','kstephen@in.ibm.com',1,'Core',14,'91-9845808382','2020-03-07 19:56:27',7,6),('vn07099','Gollapalli','Sukesh','sgollapa@in.ibm.com',NULL,'Core',NULL,'91--9731443579','2020-03-07 19:56:27',NULL,NULL),('vn07128','Sujatha','Malleshappa','sumalles@in.ibm.com',NULL,'Core',NULL,'91-9886565466','2020-03-07 19:56:27',NULL,NULL),('VN07129','Pavan','Gowda','pgowda89@in.ibm.com',NULL,'Core',NULL,'91-9538010070','2020-03-07 19:56:27',NULL,NULL),('vn07166','Frank','Diaz-Pezua','Frank.Diaz-Pezua@ibm.com',NULL,'Core',NULL,'+1 734-800-5069','2020-03-07 19:56:26',NULL,NULL),('vn07198','Valleru','Pragna','vapragn1@in.ibm.com',NULL,'Core',NULL,'91-9030804985','2020-03-07 19:56:27',NULL,NULL),('vn07234','Vipin','Goel','vipigoel@in.ibm.com',NULL,'Flex',NULL,'+1 850-631-0194','2020-03-07 19:56:27',NULL,NULL),('VN07295','Saatvik','Sharma','saasharm@in.ibm.com',NULL,'Core',NULL,'91-6396219545','2020-03-07 19:56:27',NULL,NULL),('VN07317','Sreekanth','kondapaneni','sreekkon@in.ibm.com',NULL,'Core',NULL,'91-8088681535','2020-03-07 19:56:27',NULL,NULL),('VN07325','Purnima','Chaudhari','purchaud@in.ibm.com',1,'Core',14,'91-8481958313','2020-03-07 19:56:27',3,6),('vn07402','Christopher','Bemke','cabemke@us.ibm.com',NULL,'Core',NULL,'+1 517-897-5942','2020-03-07 19:56:26',NULL,NULL),('vn07429','Preethi','S','preets23@in.ibm.com',NULL,'Core',NULL,'91-7022384705','2020-03-07 19:56:27',NULL,NULL),('vn07474','Vasu','Dhana','vasu.dhana@ibm.com',NULL,'Flex',NULL,'+1 502 - 291-7581','2020-03-07 19:56:27',NULL,NULL),('vn07535','Kowser','Parvez','Kowser.Parvez1@ibm.com',NULL,'Flex',NULL,'+1 214-392-9034','2020-03-07 19:56:26',NULL,NULL),('VN07571','Nikhil','Sonkamble','nikhilr1@in.ibm.com',NULL,'Core',NULL,'91-8277056746','2020-03-07 19:56:27',NULL,NULL),('VN07633','Akhila','Vajinepalli','avajine1@in.ibm.com',NULL,'Core',NULL,'91-9032081906','2020-03-07 19:56:27',NULL,NULL),('VN07634','Avtar','Singh','avtsing1@in.ibm.com',NULL,'Core',NULL,'91-9878204038','2020-03-07 19:56:27',NULL,NULL),('vn07694','Katrina','Artis','Katrina.Artis@ibm.com',NULL,'Core',NULL,'','2020-03-07 19:56:26',NULL,NULL),('vn07723','Ali','Aljafar','ali.aljafar@ibm.com',NULL,'Flex',NULL,'+1 615-973-5035','2020-03-07 19:56:26',2,NULL),('vn07736','Ponnusamy','Gopalakrishnan','gopalakrishnan@in.ibm.com',NULL,'Flex',NULL,'+1 747 263 6177','2020-03-07 19:56:27',NULL,NULL),('vn07887','Vijaya','Lakkundi','lakkundi@us.ibm.com',NULL,'Flex',NULL,' +1 248 875 3180','2020-03-07 19:56:27',NULL,NULL),('vn07969','Kunal','Rajwadi','kunal.rajwadi@ibm.com',NULL,'Flex',NULL,' +1 973 517 1272','2020-03-07 19:56:27',NULL,NULL),('vn08068','Rajendra','Bafna','rrbafana@us.ibm.com',NULL,'Flex',NULL,'','2020-03-07 19:56:27',NULL,NULL),('vn08160','Surjyendu','K','surbiswa@in.ibm.com',NULL,'Core',NULL,'Not Known','2020-03-07 19:56:27',NULL,NULL),('vn12345','Rahul','Dravid','rah@123.com',5,'Core',14,'1212121212','2020-03-14 21:51:46',3,2),('vnidtes','Narendra','Modi','n@m.com',NULL,'Flex',23,'1001001001','2020-04-10 12:15:13',9,6);
/*!40000 ALTER TABLE `qagile_person` ENABLE KEYS */;
UNLOCK TABLES;

--
-- Table structure for table `qagile_person_location`
--

DROP TABLE IF EXISTS `qagile_person_location`;
/*!40101 SET @saved_cs_client     = @@character_set_client */;
/*!50503 SET character_set_client = utf8mb4 */;
CREATE TABLE `qagile_person_location` (
  `location_id` int NOT NULL AUTO_INCREMENT,
  `city` varchar(45) DEFAULT NULL,
  `state` varchar(45) DEFAULT NULL,
  `zip` varchar(45) DEFAULT NULL,
  `country` varchar(45) DEFAULT NULL,
  `loc_code` varchar(10) DEFAULT NULL,
  PRIMARY KEY (`location_id`),
  UNIQUE KEY `loc_code_UNIQUE` (`loc_code`)
) ENGINE=InnoDB AUTO_INCREMENT=8 DEFAULT CHARSET=utf8mb4 COLLATE=utf8mb4_0900_ai_ci;
/*!40101 SET character_set_client = @saved_cs_client */;

--
-- Dumping data for table `qagile_person_location`
--

LOCK TABLES `qagile_person_location` WRITE;
/*!40000 ALTER TABLE `qagile_person_location` DISABLE KEYS */;
INSERT INTO `qagile_person_location` VALUES (1,'Scarborough',NULL,NULL,'USA','SCB'),(2,'Quincy',NULL,NULL,'USA','QNCY'),(3,'Salisbury',NULL,NULL,'USA','SALIS'),(4,'Greenville','NC','None','USA','CHI'),(5,'Onsite',NULL,NULL,'USA','ONSHR'),(6,'Bangalore','KA','54345','IND','OFSHR'),(7,'Chicago','IL','12121','USA',NULL);
/*!40000 ALTER TABLE `qagile_person_location` ENABLE KEYS */;
UNLOCK TABLES;

--
-- Table structure for table `qagile_person_rate`
--

DROP TABLE IF EXISTS `qagile_person_rate`;
/*!40101 SET @saved_cs_client     = @@character_set_client */;
/*!50503 SET character_set_client = utf8mb4 */;
CREATE TABLE `qagile_person_rate` (
  `rate_id` int NOT NULL AUTO_INCREMENT,
  `rate` decimal(5,2) NOT NULL,
  `category` varchar(45) DEFAULT NULL,
  PRIMARY KEY (`rate_id`)
) ENGINE=InnoDB AUTO_INCREMENT=27 DEFAULT CHARSET=utf8mb4 COLLATE=utf8mb4_0900_ai_ci;
/*!40101 SET character_set_client = @saved_cs_client */;

--
-- Dumping data for table `qagile_person_rate`
--

LOCK TABLES `qagile_person_rate` WRITE;
/*!40000 ALTER TABLE `qagile_person_rate` DISABLE KEYS */;
INSERT INTO `qagile_person_rate` VALUES (14,50.00,'Core'),(15,41.00,'Flex1'),(16,85.00,'Flex2'),(17,75.00,'Flex3'),(18,110.00,'Flex4'),(19,25.00,'Custom1'),(20,65.00,'Custom2'),(21,35.00,'Custom3'),(22,0.00,'Custom4'),(23,124.76,'High'),(24,145.00,NULL),(25,21.00,'Test'),(26,99.00,'test2');
/*!40000 ALTER TABLE `qagile_person_rate` ENABLE KEYS */;
UNLOCK TABLES;

--
-- Table structure for table `qagile_person_role`
--

DROP TABLE IF EXISTS `qagile_person_role`;
/*!40101 SET @saved_cs_client     = @@character_set_client */;
/*!50503 SET character_set_client = utf8mb4 */;
CREATE TABLE `qagile_person_role` (
  `role_id` int NOT NULL AUTO_INCREMENT,
  `role` varchar(45) DEFAULT NULL,
  `role_code` varchar(45) DEFAULT NULL,
  PRIMARY KEY (`role_id`),
  UNIQUE KEY `role_code_UNIQUE` (`role_code`)
) ENGINE=InnoDB AUTO_INCREMENT=13 DEFAULT CHARSET=utf8mb4 COLLATE=utf8mb4_0900_ai_ci;
/*!40101 SET character_set_client = @saved_cs_client */;

--
-- Dumping data for table `qagile_person_role`
--

LOCK TABLES `qagile_person_role` WRITE;
/*!40000 ALTER TABLE `qagile_person_role` DISABLE KEYS */;
INSERT INTO `qagile_person_role` VALUES (1,'Domain Lead','DL'),(2,'Portfolio Manager','POM'),(3,'Functional Tester','FUNT'),(4,'Performance Tester','PERFT'),(5,'Security Tester','SECT'),(6,'Account Manager','ACCTM'),(7,'Test Lead','TL'),(8,'Project Manager','PM'),(9,'Leadership','LS'),(10,'Domain Lead - Secondary','DLSEC'),(11,'TDM',NULL),(12,'Admin',NULL);
/*!40000 ALTER TABLE `qagile_person_role` ENABLE KEYS */;
UNLOCK TABLES;

--
-- Table structure for table `qagile_rfs_estimates`
--

DROP TABLE IF EXISTS `qagile_rfs_estimates`;
/*!40101 SET @saved_cs_client     = @@character_set_client */;
/*!50503 SET character_set_client = utf8mb4 */;
CREATE TABLE `qagile_rfs_estimates` (
  `record_id` int NOT NULL AUTO_INCREMENT,
  `rfs_request_id` int DEFAULT NULL,
  `activity_code` varchar(5) DEFAULT NULL,
  `effort` decimal(10,2) DEFAULT NULL,
  `unit` varchar(45) DEFAULT NULL COMMENT 'Hours/days\n',
  `comment` varchar(1000) DEFAULT NULL,
  PRIMARY KEY (`record_id`),
  KEY `fk_rfs_estimate_rfs_activity_code_idx` (`activity_code`),
  CONSTRAINT `fk_rfs_estimate_rfs_activity_code` FOREIGN KEY (`activity_code`) REFERENCES `qagile_rfs_estimates_activity` (`activity_code`)
) ENGINE=InnoDB AUTO_INCREMENT=955 DEFAULT CHARSET=utf8mb4 COLLATE=utf8mb4_0900_ai_ci;
/*!40101 SET character_set_client = @saved_cs_client */;

--
-- Dumping data for table `qagile_rfs_estimates`
--

LOCK TABLES `qagile_rfs_estimates` WRITE;
/*!40000 ALTER TABLE `qagile_rfs_estimates` DISABLE KEYS */;
INSERT INTO `qagile_rfs_estimates` VALUES (248,2,'KTAPP',100.00,NULL,'for KT'),(249,2,'KTSSR',200.00,NULL,'for SSR'),(250,2,'SIT',12.00,NULL,'int test'),(251,2,'UAT',23.00,NULL,'uat support'),(252,2,'PERF',34.00,NULL,'perf'),(253,2,'SEC',32.00,NULL,'sec test'),(254,2,'ACC',12.00,NULL,'acc test'),(255,2,'PRDAT',5.00,NULL,'prod act'),(256,2,'POM',8.00,NULL,'pom '),(257,2,'TRVCO',200.00,NULL,'onsite visit'),(268,10,'KTAPP',NULL,NULL,'None'),(269,10,'KTSSR',NULL,NULL,'None'),(270,10,'SIT',NULL,NULL,'None'),(271,10,'UAT',NULL,NULL,'None'),(272,10,'PERF',NULL,NULL,'None'),(273,10,'SEC',NULL,NULL,'None'),(274,10,'ACC',NULL,NULL,'None'),(275,10,'PRDAT',NULL,NULL,'None'),(276,10,'POM',NULL,NULL,'None'),(277,10,'TRVCO',NULL,NULL,'None'),(328,11,'KTAPP',NULL,NULL,'None'),(329,11,'KTSSR',NULL,NULL,'None'),(330,11,'SIT',NULL,NULL,'None'),(331,11,'UAT',NULL,NULL,'None'),(332,11,'PERF',NULL,NULL,'None'),(333,11,'SEC',NULL,NULL,'None'),(334,11,'ACC',NULL,NULL,'None'),(335,11,'PRDAT',NULL,NULL,'None'),(336,11,'POM',NULL,NULL,'None'),(337,11,'TRVCO',NULL,NULL,'None'),(348,12,'KTAPP',NULL,NULL,'None'),(349,12,'KTSSR',NULL,NULL,'None'),(350,12,'SIT',NULL,NULL,'None'),(351,12,'UAT',NULL,NULL,'None'),(352,12,'PERF',NULL,NULL,'None'),(353,12,'SEC',NULL,NULL,'None'),(354,12,'ACC',NULL,NULL,'None'),(355,12,'PRDAT',NULL,NULL,'None'),(356,12,'POM',NULL,NULL,'None'),(357,12,'TRVCO',NULL,NULL,'None'),(358,13,'KTAPP',NULL,NULL,NULL),(359,13,'KTSSR',NULL,NULL,NULL),(360,13,'SIT',NULL,NULL,NULL),(361,13,'UAT',NULL,NULL,NULL),(362,13,'PERF',NULL,NULL,NULL),(363,13,'SEC',NULL,NULL,NULL),(364,13,'ACC',NULL,NULL,NULL),(365,13,'PRDAT',NULL,NULL,NULL),(366,13,'POM',NULL,NULL,NULL),(367,13,'TRVCO',NULL,NULL,NULL),(368,8,'KTAPP',NULL,NULL,NULL),(369,8,'KTSSR',NULL,NULL,NULL),(370,8,'SIT',NULL,NULL,NULL),(371,8,'UAT',NULL,NULL,NULL),(372,8,'PERF',NULL,NULL,NULL),(373,8,'SEC',NULL,NULL,NULL),(374,8,'ACC',NULL,NULL,NULL),(375,8,'PRDAT',NULL,NULL,NULL),(376,8,'POM',NULL,NULL,NULL),(377,8,'TRVCO',NULL,NULL,NULL),(378,1,'KTAPP',NULL,NULL,NULL),(379,1,'KTSSR',NULL,NULL,NULL),(380,1,'SIT',NULL,NULL,NULL),(381,1,'UAT',NULL,NULL,NULL),(382,1,'PERF',NULL,NULL,NULL),(383,1,'SEC',NULL,NULL,NULL),(384,1,'ACC',NULL,NULL,NULL),(385,1,'PRDAT',NULL,NULL,NULL),(386,1,'POM',NULL,NULL,NULL),(387,1,'TRVCO',NULL,NULL,NULL),(388,23,'KTAPP',NULL,NULL,NULL),(389,23,'KTSSR',NULL,NULL,NULL),(390,23,'SIT',NULL,NULL,NULL),(391,23,'UAT',NULL,NULL,NULL),(392,23,'PERF',NULL,NULL,NULL),(393,23,'SEC',NULL,NULL,NULL),(394,23,'ACC',NULL,NULL,NULL),(395,23,'PRDAT',NULL,NULL,NULL),(396,23,'POM',NULL,NULL,NULL),(397,23,'TRVCO',NULL,NULL,NULL),(398,28,'KTAPP',NULL,NULL,NULL),(399,28,'KTSSR',NULL,NULL,NULL),(400,28,'SIT',NULL,NULL,NULL),(401,28,'UAT',NULL,NULL,NULL),(402,28,'PERF',NULL,NULL,NULL),(403,28,'SEC',NULL,NULL,NULL),(404,28,'ACC',NULL,NULL,NULL),(405,28,'PRDAT',NULL,NULL,NULL),(406,28,'POM',NULL,NULL,NULL),(407,28,'TRVCO',NULL,NULL,NULL),(428,33,'KTAPP',NULL,NULL,'None'),(429,33,'KTSSR',NULL,NULL,'None'),(430,33,'SIT',NULL,NULL,'None'),(431,33,'UAT',NULL,NULL,'None'),(432,33,'PERF',NULL,NULL,'None'),(433,33,'SEC',NULL,NULL,'None'),(434,33,'ACC',NULL,NULL,'None'),(435,33,'PRDAT',NULL,NULL,'None'),(436,33,'POM',NULL,NULL,'None'),(437,33,'TRVCO',NULL,NULL,'None'),(458,34,'KTAPP',NULL,NULL,'None'),(459,34,'KTSSR',NULL,NULL,'None'),(460,34,'SIT',NULL,NULL,'None'),(461,34,'UAT',NULL,NULL,'None'),(462,34,'PERF',NULL,NULL,'None'),(463,34,'SEC',NULL,NULL,'None'),(464,34,'ACC',NULL,NULL,'None'),(465,34,'PRDAT',NULL,NULL,'None'),(466,34,'POM',NULL,NULL,'None'),(467,34,'TRVCO',NULL,NULL,'None'),(805,9,'KTAPP',25.00,NULL,'None'),(806,9,'KTSSR',5.00,NULL,'None'),(807,9,'SIT',455.00,NULL,'None'),(808,9,'UAT',122.00,NULL,'None'),(809,9,'PERF',21.00,NULL,'None'),(810,9,'SEC',45.00,NULL,'None'),(811,9,'ACC',0.00,NULL,'None'),(812,9,'PRDAT',3363.00,NULL,'None'),(813,9,'POM',44.00,NULL,'None'),(814,9,'TRVCO',3.00,NULL,'None'),(835,39,'KTAPP',50.00,NULL,NULL),(836,39,'KTSSR',10.00,NULL,NULL),(837,39,'SIT',600.00,NULL,NULL),(838,39,'UAT',25.00,NULL,NULL),(839,39,'PERF',49.00,NULL,NULL),(840,39,'SEC',10.00,NULL,NULL),(841,39,'ACC',15.00,NULL,'ADA Test'),(842,39,'PRDAT',100.00,NULL,NULL),(843,39,'POM',50.00,NULL,NULL),(844,39,'TRVCO',255.00,NULL,NULL),(915,43,'KTAPP',NULL,NULL,'None'),(916,43,'KTSSR',NULL,NULL,'None'),(917,43,'SIT',355.00,NULL,'None'),(918,43,'UAT',65.00,NULL,'None'),(919,43,'PERF',442.00,NULL,'None'),(920,43,'SEC',408.00,NULL,'None'),(921,43,'ACC',NULL,NULL,'None'),(922,43,'PRDAT',NULL,NULL,'None'),(923,43,'POM',NULL,NULL,'None'),(924,43,'TRVCO',1000.00,NULL,'None'),(945,38,'KTAPP',50.00,NULL,'akt'),(946,38,'KTSSR',25.00,NULL,'trr'),(947,38,'SIT',1600.00,NULL,'int test'),(948,38,'UAT',270.00,NULL,'uat support'),(949,38,'PERF',255.00,NULL,'perf'),(950,38,'SEC',78.00,NULL,'sec test'),(951,38,'ACC',12.00,NULL,'acc test'),(952,38,'PRDAT',15.00,NULL,'prod act'),(953,38,'POM',300.00,NULL,'pom'),(954,38,'TRVCO',10.00,NULL,'to quincy');
/*!40000 ALTER TABLE `qagile_rfs_estimates` ENABLE KEYS */;
UNLOCK TABLES;

--
-- Table structure for table `qagile_rfs_estimates_activity`
--

DROP TABLE IF EXISTS `qagile_rfs_estimates_activity`;
/*!40101 SET @saved_cs_client     = @@character_set_client */;
/*!50503 SET character_set_client = utf8mb4 */;
CREATE TABLE `qagile_rfs_estimates_activity` (
  `activity_id` int NOT NULL AUTO_INCREMENT,
  `activity_code` varchar(5) DEFAULT NULL,
  `description` varchar(45) DEFAULT NULL,
  PRIMARY KEY (`activity_id`),
  UNIQUE KEY `activity_code_UNIQUE` (`activity_code`)
) ENGINE=InnoDB AUTO_INCREMENT=11 DEFAULT CHARSET=utf8mb4 COLLATE=utf8mb4_0900_ai_ci;
/*!40101 SET character_set_client = @saved_cs_client */;

--
-- Dumping data for table `qagile_rfs_estimates_activity`
--

LOCK TABLES `qagile_rfs_estimates_activity` WRITE;
/*!40000 ALTER TABLE `qagile_rfs_estimates_activity` DISABLE KEYS */;
INSERT INTO `qagile_rfs_estimates_activity` VALUES (1,'KTAPP','Application Knowledge Transfer'),(2,'KTSSR','Perform Steady State Readiness Review'),(3,'SIT','Systems Integration Testing'),(4,'UAT','User Acceptance Testing'),(5,'PERF','Performance Testing'),(6,'SEC','Security Testing'),(7,'ACC','Accessibility Testing'),(8,'PRDAT','Production Acceptance Testing'),(9,'POM','QA Portfolio Manager Support'),(10,'TRVCO','Travel  to site Cost ( Approximately)');
/*!40000 ALTER TABLE `qagile_rfs_estimates_activity` ENABLE KEYS */;
UNLOCK TABLES;

--
-- Table structure for table `qagile_rfs_estimates_raci`
--

DROP TABLE IF EXISTS `qagile_rfs_estimates_raci`;
/*!40101 SET @saved_cs_client     = @@character_set_client */;
/*!50503 SET character_set_client = utf8mb4 */;
CREATE TABLE `qagile_rfs_estimates_raci` (
  `record_id` int NOT NULL AUTO_INCREMENT,
  `rfs_request_id` int DEFAULT NULL,
  `raci_code` varchar(5) DEFAULT NULL,
  `raci_scope` varchar(3) DEFAULT NULL COMMENT 'SIT or UAT',
  `p_or_q` varchar(1) DEFAULT NULL,
  `RACI` varchar(1) DEFAULT NULL,
  PRIMARY KEY (`record_id`),
  KEY `fk_rfs_estimates_raci_id_idx` (`raci_code`),
  KEY `fk_estimates_raci_rfsid_idx` (`rfs_request_id`),
  CONSTRAINT `fk_estimates_raci_rfsid` FOREIGN KEY (`rfs_request_id`) REFERENCES `qagile_rfs_request` (`rfs_request_id`),
  CONSTRAINT `fk_rfs_estimates_raci_code` FOREIGN KEY (`raci_code`) REFERENCES `qagile_rfs_estimates_raci_codes` (`raci_code`) ON UPDATE CASCADE
) ENGINE=InnoDB AUTO_INCREMENT=2043 DEFAULT CHARSET=utf8mb4 COLLATE=utf8mb4_0900_ai_ci;
/*!40101 SET character_set_client = @saved_cs_client */;

--
-- Dumping data for table `qagile_rfs_estimates_raci`
--

LOCK TABLES `qagile_rfs_estimates_raci` WRITE;
/*!40000 ALTER TABLE `qagile_rfs_estimates_raci` DISABLE KEYS */;
INSERT INTO `qagile_rfs_estimates_raci` VALUES (1145,2,'CCQC','SIT','P','R'),(1146,2,'CCQC','SIT','P','A'),(1147,2,'CCQC','SIT','P','C'),(1148,2,'CCQC','SIT','P','I'),(1149,2,'TPLPR','SIT','P','R'),(1150,2,'TPLPR','SIT','P','A'),(1151,2,'TPLPR','SIT','P','C'),(1152,2,'TPLPR','SIT','P','I'),(1153,2,'TC2QC','SIT','P','R'),(1154,2,'TC2QC','SIT','P','A'),(1155,2,'TC2QC','SIT','P','C'),(1156,2,'TC2QC','SIT','P','I'),(1157,2,'EXCTC','SIT','P','R'),(1158,2,'EXCTC','SIT','P','A'),(1159,2,'EXCTC','SIT','P','C'),(1160,2,'EXCTC','SIT','P','I'),(1161,2,'MNGQC','SIT','P','R'),(1162,2,'MNGQC','SIT','P','A'),(1163,2,'MNGQC','SIT','P','C'),(1164,2,'MNGQC','SIT','P','I'),(1165,2,'CDTER','SIT','P','R'),(1166,2,'CDTER','SIT','P','A'),(1167,2,'CDTER','SIT','P','C'),(1168,2,'CDTER','SIT','P','I'),(1169,2,'RDTC','SIT','P','R'),(1170,2,'RDTC','SIT','P','A'),(1171,2,'RDTC','SIT','P','C'),(1172,2,'RDTC','SIT','P','I'),(1173,2,'WTR','SIT','P','R'),(1174,2,'WTR','SIT','P','A'),(1175,2,'WTR','SIT','P','C'),(1176,2,'WTR','SIT','P','I'),(1177,2,'MXE2E','SIT','P','R'),(1178,2,'MXE2E','SIT','P','A'),(1179,2,'MXE2E','SIT','P','C'),(1180,2,'MXE2E','SIT','P','I'),(1181,2,'CCQC','UAT','Q','R'),(1182,2,'CCQC','UAT','Q','A'),(1183,2,'CCQC','UAT','Q','C'),(1184,2,'CCQC','UAT','Q','I'),(1185,2,'TPLPR','UAT','Q','R'),(1186,2,'TPLPR','UAT','Q','A'),(1187,2,'TPLPR','UAT','Q','C'),(1188,2,'TPLPR','UAT','Q','I'),(1189,2,'TC2QC','UAT','Q','R'),(1190,2,'TC2QC','UAT','Q','A'),(1191,2,'TC2QC','UAT','Q','C'),(1192,2,'TC2QC','UAT','Q','I'),(1193,2,'EXCTC','UAT','Q','R'),(1194,2,'EXCTC','UAT','Q','A'),(1195,2,'EXCTC','UAT','Q','C'),(1196,2,'EXCTC','UAT','Q','I'),(1197,2,'MNGQC','UAT','Q','R'),(1198,2,'MNGQC','UAT','Q','A'),(1199,2,'MNGQC','UAT','Q','C'),(1200,2,'MNGQC','UAT','Q','I'),(1201,2,'CDTER','UAT','Q','R'),(1202,2,'CDTER','UAT','Q','A'),(1203,2,'CDTER','UAT','Q','C'),(1204,2,'CDTER','UAT','Q','I'),(1205,2,'RDTC','UAT','Q','R'),(1206,2,'RDTC','UAT','Q','A'),(1207,2,'RDTC','UAT','Q','C'),(1208,2,'RDTC','UAT','Q','I'),(1209,2,'WTR','UAT','Q','R'),(1210,2,'WTR','UAT','Q','A'),(1211,2,'WTR','UAT','Q','C'),(1212,2,'WTR','UAT','Q','I'),(1213,2,'MXE2E','UAT','Q','R'),(1214,2,'MXE2E','UAT','Q','A'),(1215,2,'MXE2E','UAT','Q','C'),(1216,2,'MXE2E','UAT','Q','I'),(1561,9,'CCQC','SIT','P','A'),(1562,9,'CCQC','SIT','P','C'),(1563,9,'CCQC','SIT','Q','R'),(1564,9,'TPLPR','SIT','P','I'),(1565,9,'TPLPR','SIT','Q','R'),(1566,9,'TC2QC','SIT','P','I'),(1567,9,'TC2QC','SIT','Q','R'),(1568,9,'EXCTC','SIT','Q','R'),(1569,9,'EXCTC','SIT','Q','A'),(1570,9,'MNGQC','SIT','P','C'),(1571,9,'MNGQC','SIT','P','I'),(1572,9,'CDTER','SIT','P','C'),(1573,9,'CDTER','SIT','Q','R'),(1574,9,'RDTC','SIT','P','R'),(1575,9,'RDTC','SIT','P','A'),(1576,9,'RDTC','SIT','P','C'),(1577,9,'RDTC','SIT','P','I'),(1578,9,'WTR','SIT','Q','R'),(1579,9,'WTR','SIT','Q','A'),(1580,9,'WTR','SIT','Q','C'),(1581,9,'WTR','SIT','Q','I'),(1582,9,'MXE2E','SIT','P','A'),(1583,9,'MXE2E','SIT','P','C'),(1584,9,'MXE2E','SIT','Q','R'),(1585,9,'MXE2E','SIT','Q','I'),(1586,9,'CCQC','UAT','P','R'),(1587,9,'CCQC','UAT','P','A'),(1588,9,'CCQC','UAT','Q','C'),(1589,9,'CCQC','UAT','Q','I'),(1590,9,'TPLPR','UAT','P','R'),(1591,9,'TPLPR','UAT','P','I'),(1592,9,'TPLPR','UAT','Q','A'),(1593,9,'TPLPR','UAT','Q','C'),(1594,9,'TC2QC','UAT','P','C'),(1595,9,'EXCTC','UAT','Q','R'),(1596,9,'MNGQC','UAT','P','I'),(1597,9,'CDTER','UAT','Q','R'),(1598,9,'RDTC','UAT','P','I'),(1599,9,'WTR','UAT','Q','R'),(1600,9,'MXE2E','UAT','P','R'),(1601,9,'MXE2E','UAT','P','C'),(1602,9,'MXE2E','UAT','Q','A'),(1603,9,'MXE2E','UAT','Q','I'),(1700,39,'CCQC','SIT','P','R'),(1701,39,'CCQC','SIT','P','A'),(1702,39,'EXCTC','SIT','Q','C'),(1703,39,'EXCTC','SIT','Q','I'),(1704,39,'CCQC','UAT','P','C'),(1705,39,'CCQC','UAT','Q','R'),(1706,39,'CCQC','UAT','Q','I'),(1995,38,'CCQC','SIT','P','R'),(1996,38,'CCQC','SIT','P','A'),(1997,38,'CCQC','SIT','Q','C'),(1998,38,'CCQC','SIT','Q','I'),(1999,38,'TPLPR','SIT','P','C'),(2000,38,'TPLPR','SIT','P','I'),(2001,38,'TPLPR','SIT','Q','R'),(2002,38,'TPLPR','SIT','Q','A'),(2003,38,'TC2QC','SIT','P','R'),(2004,38,'TC2QC','SIT','P','I'),(2005,38,'TC2QC','SIT','Q','A'),(2006,38,'TC2QC','SIT','Q','C'),(2007,38,'EXCTC','SIT','P','A'),(2008,38,'EXCTC','SIT','P','I'),(2009,38,'EXCTC','SIT','Q','R'),(2010,38,'EXCTC','SIT','Q','C'),(2011,38,'MNGQC','SIT','P','R'),(2012,38,'MNGQC','SIT','P','A'),(2013,38,'MNGQC','SIT','P','C'),(2014,38,'MNGQC','SIT','P','I'),(2015,38,'CDTER','SIT','Q','R'),(2016,38,'CDTER','SIT','Q','A'),(2017,38,'CDTER','SIT','Q','C'),(2018,38,'CDTER','SIT','Q','I'),(2019,38,'RDTC','SIT','P','R'),(2020,38,'RDTC','SIT','P','A'),(2021,38,'RDTC','SIT','P','C'),(2022,38,'RDTC','SIT','Q','I'),(2023,38,'WTR','SIT','P','A'),(2024,38,'WTR','SIT','P','C'),(2025,38,'WTR','SIT','P','I'),(2026,38,'WTR','SIT','Q','R'),(2027,38,'MXE2E','SIT','P','R'),(2028,38,'MXE2E','SIT','P','C'),(2029,38,'MXE2E','SIT','P','I'),(2030,38,'MXE2E','SIT','Q','A'),(2031,38,'CCQC','UAT','P','R'),(2032,38,'TPLPR','UAT','P','A'),(2033,38,'TC2QC','UAT','P','C'),(2034,38,'EXCTC','UAT','P','I'),(2035,38,'MNGQC','UAT','Q','R'),(2036,38,'CDTER','UAT','Q','A'),(2037,38,'RDTC','UAT','Q','C'),(2038,38,'WTR','UAT','Q','I'),(2039,38,'MXE2E','UAT','P','R'),(2040,38,'MXE2E','UAT','P','A'),(2041,38,'MXE2E','UAT','Q','C'),(2042,38,'MXE2E','UAT','Q','I');
/*!40000 ALTER TABLE `qagile_rfs_estimates_raci` ENABLE KEYS */;
UNLOCK TABLES;

--
-- Table structure for table `qagile_rfs_estimates_raci_codes`
--

DROP TABLE IF EXISTS `qagile_rfs_estimates_raci_codes`;
/*!40101 SET @saved_cs_client     = @@character_set_client */;
/*!50503 SET character_set_client = utf8mb4 */;
CREATE TABLE `qagile_rfs_estimates_raci_codes` (
  `raci_id` int NOT NULL AUTO_INCREMENT,
  `raci_code` varchar(5) DEFAULT NULL,
  `description` varchar(45) DEFAULT NULL,
  `sequence` int DEFAULT NULL,
  PRIMARY KEY (`raci_id`),
  UNIQUE KEY `raci_code_UNIQUE` (`raci_code`)
) ENGINE=InnoDB AUTO_INCREMENT=10 DEFAULT CHARSET=utf8mb4 COLLATE=utf8mb4_0900_ai_ci;
/*!40101 SET character_set_client = @saved_cs_client */;

--
-- Dumping data for table `qagile_rfs_estimates_raci_codes`
--

LOCK TABLES `qagile_rfs_estimates_raci_codes` WRITE;
/*!40000 ALTER TABLE `qagile_rfs_estimates_raci_codes` DISABLE KEYS */;
INSERT INTO `qagile_rfs_estimates_raci_codes` VALUES (1,'CCQC','Create and Configure QC Projects',1),(2,'TPLPR','Test Plan and Test Preparation',2),(3,'TC2QC','Upload TC\'s to QC, Setup Lab',3),(4,'EXCTC','Execute TCs and Record Results in QC',4),(5,'MNGQC','Create / Manage Defects in QC',5),(6,'CDTER','Create Daily Test Execution Report',6),(7,'RDTC','Run Daily Test Call',7),(8,'WTR','Weekly Test Reporting',8),(9,'MXE2E','Manage and Coordinate x-team / E2E testing',9);
/*!40000 ALTER TABLE `qagile_rfs_estimates_raci_codes` ENABLE KEYS */;
UNLOCK TABLES;

--
-- Table structure for table `qagile_rfs_estimates_raci_head`
--

DROP TABLE IF EXISTS `qagile_rfs_estimates_raci_head`;
/*!40101 SET @saved_cs_client     = @@character_set_client */;
/*!50503 SET character_set_client = utf8mb4 */;
CREATE TABLE `qagile_rfs_estimates_raci_head` (
  `recordid` int NOT NULL AUTO_INCREMENT,
  `rfs_request_Id` int DEFAULT NULL,
  `SITRole` varchar(45) DEFAULT NULL,
  `SITScope` mediumtext,
  `UATRole` varchar(45) DEFAULT NULL,
  `UATScope` mediumtext,
  `total_qa_comments` mediumtext,
  PRIMARY KEY (`recordid`),
  KEY `fk_estimate_head_rfs_id_idx` (`rfs_request_Id`),
  CONSTRAINT `fk_estimate_head_rfs_id` FOREIGN KEY (`rfs_request_Id`) REFERENCES `qagile_rfs_request` (`rfs_request_id`) ON DELETE CASCADE
) ENGINE=InnoDB AUTO_INCREMENT=95 DEFAULT CHARSET=utf8mb4 COLLATE=utf8mb4_0900_ai_ci;
/*!40101 SET character_set_client = @saved_cs_client */;

--
-- Dumping data for table `qagile_rfs_estimates_raci_head`
--

LOCK TABLES `qagile_rfs_estimates_raci_head` WRITE;
/*!40000 ALTER TABLE `qagile_rfs_estimates_raci_head` DISABLE KEYS */;
INSERT INTO `qagile_rfs_estimates_raci_head` VALUES (25,2,'QA CoE lead - Full Scope','full sit scope','QA CoE Support','just supporting uat','this is total qa cost'),(27,10,NULL,NULL,NULL,NULL,NULL),(33,11,NULL,NULL,NULL,NULL,NULL),(35,12,NULL,NULL,NULL,NULL,NULL),(36,13,NULL,NULL,NULL,NULL,NULL),(37,8,NULL,NULL,NULL,NULL,NULL),(38,1,NULL,NULL,NULL,NULL,NULL),(39,23,NULL,NULL,NULL,NULL,NULL),(40,28,NULL,NULL,NULL,NULL,NULL),(43,33,NULL,NULL,NULL,NULL,NULL),(46,34,NULL,NULL,NULL,NULL,NULL),(80,9,'QA CoE lead - Full Scope','SIT, E2E, Integration','QA CoE Support','help uat to manage bugs','None'),(83,39,'QA CoE lead - Full Scope',NULL,'QA CoE Support','manage bugs',NULL),(91,43,'QA CoE Lead - Partial Scope','None','QA CoE Lead - Partial Scope','None','None'),(94,38,'QA CoE Lead - Partial Scope','not all but few','QA CoE Support','some support','this is total qa cost');
/*!40000 ALTER TABLE `qagile_rfs_estimates_raci_head` ENABLE KEYS */;
UNLOCK TABLES;

--
-- Table structure for table `qagile_rfs_milestones`
--

DROP TABLE IF EXISTS `qagile_rfs_milestones`;
/*!40101 SET @saved_cs_client     = @@character_set_client */;
/*!50503 SET character_set_client = utf8mb4 */;
CREATE TABLE `qagile_rfs_milestones` (
  `rfs_id` int NOT NULL,
  `sit_plan_start` datetime DEFAULT NULL,
  `sit_plan_end` datetime DEFAULT NULL,
  `sit_exec_start` datetime DEFAULT NULL,
  `sit_exec_end` datetime DEFAULT NULL,
  `uat_plam_start` datetime DEFAULT NULL,
  `uat_plan_end` datetime DEFAULT NULL,
  `deploy_start` datetime DEFAULT NULL,
  `deploy_end` datetime DEFAULT NULL,
  PRIMARY KEY (`rfs_id`),
  CONSTRAINT `fk_rfs_milestone_rfs_id` FOREIGN KEY (`rfs_id`) REFERENCES `qagile_rfs_rfs` (`rfs_id`)
) ENGINE=InnoDB DEFAULT CHARSET=utf8mb4 COLLATE=utf8mb4_0900_ai_ci;
/*!40101 SET character_set_client = @saved_cs_client */;

--
-- Dumping data for table `qagile_rfs_milestones`
--

LOCK TABLES `qagile_rfs_milestones` WRITE;
/*!40000 ALTER TABLE `qagile_rfs_milestones` DISABLE KEYS */;
/*!40000 ALTER TABLE `qagile_rfs_milestones` ENABLE KEYS */;
UNLOCK TABLES;

--
-- Table structure for table `qagile_rfs_request`
--

DROP TABLE IF EXISTS `qagile_rfs_request`;
/*!40101 SET @saved_cs_client     = @@character_set_client */;
/*!50503 SET character_set_client = utf8mb4 */;
CREATE TABLE `qagile_rfs_request` (
  `rfs_request_id` int NOT NULL AUTO_INCREMENT,
  `created` datetime DEFAULT CURRENT_TIMESTAMP,
  `domain_id` int DEFAULT NULL,
  `last_updated` datetime DEFAULT NULL,
  `last_updated_by` varchar(45) DEFAULT '',
  `current_project_status` varchar(45) DEFAULT '',
  `qa_spoc` varchar(10) DEFAULT NULL COMMENT 'Fk from team',
  `kickoff_date` datetime DEFAULT NULL,
  `repository` mediumtext,
  `repository_access` varchar(1) DEFAULT '',
  `alm_jira_link` mediumtext,
  `project_id` varchar(15) DEFAULT '' COMMENT 'PPM ID',
  `project_name` varchar(45) DEFAULT '',
  `category` varchar(10) DEFAULT '' COMMENT 'Capital/expence',
  `requester_name` varchar(45) DEFAULT '',
  `requester_email` varchar(200) DEFAULT '',
  `requester_role` varchar(45) DEFAULT '',
  `pm` varchar(45) DEFAULT '' COMMENT 'Project manager',
  `PoM` varchar(10) DEFAULT NULL COMMENT 'QA port manager',
  `dir_it` varchar(45) DEFAULT '',
  `project_poc` varchar(45) DEFAULT '',
  `project_type` varchar(15) DEFAULT '' COMMENT 'Project, am&s, prod issue',
  `project_size` varchar(1) DEFAULT '',
  `tentative_prep_start` datetime DEFAULT NULL,
  `tentative_prep_end` datetime DEFAULT NULL,
  `tentative_plan_start` datetime DEFAULT NULL,
  `tentative_plan_end` datetime DEFAULT NULL,
  `tentative_exec_start` datetime DEFAULT NULL,
  `tentative_exec_end` datetime DEFAULT NULL,
  `tentative_close_start` datetime DEFAULT NULL,
  `tentative_close_end` datetime DEFAULT NULL,
  `project_description` mediumtext,
  `qa_coe_lead` varchar(10) DEFAULT NULL,
  `confidential` varchar(1) DEFAULT '',
  `confidential_alt_name` varchar(45) DEFAULT '',
  `confidential_doc_share_method` varchar(45) DEFAULT '',
  `pii_bsi` varchar(1) DEFAULT '',
  `pii_bsi_description` mediumtext,
  `scope_remote` varchar(1) DEFAULT '',
  `scope_ticket_num` varchar(45) DEFAULT '' COMMENT 'Production Ticket / Service Now/Change Ticket Number ( If in scope)',
  `rfs_status` varchar(45) DEFAULT 'NEW',
  `active` tinyint DEFAULT '1',
  PRIMARY KEY (`rfs_request_id`),
  KEY `fk_rfs_request_domain_idx` (`domain_id`),
  KEY `fk_rfs_request_person_spoc_idx` (`qa_spoc`),
  KEY `fk_rfs_request_person_pom_idx` (`PoM`),
  KEY `fk_rfs_request_person_qa_lead_idx` (`qa_coe_lead`),
  CONSTRAINT `fk_rfs_request_domain` FOREIGN KEY (`domain_id`) REFERENCES `qagile_domains` (`domain_id`)
) ENGINE=InnoDB AUTO_INCREMENT=45 DEFAULT CHARSET=utf8mb4 COLLATE=utf8mb4_0900_ai_ci;
/*!40101 SET character_set_client = @saved_cs_client */;

--
-- Dumping data for table `qagile_rfs_request`
--

LOCK TABLES `qagile_rfs_request` WRITE;
/*!40000 ALTER TABLE `qagile_rfs_request` DISABLE KEYS */;
INSERT INTO `qagile_rfs_request` VALUES (1,'2020-03-17 18:48:35',NULL,'2020-03-21 11:59:06',NULL,NULL,NULL,NULL,'None',NULL,'None','None','None',NULL,'None','None','None','None',NULL,'None','None',NULL,NULL,NULL,NULL,NULL,NULL,NULL,NULL,NULL,NULL,'None',NULL,NULL,'None','None',NULL,'None',NULL,'None','NULL',0),(2,'2020-03-18 18:58:20',NULL,'2020-03-21 18:10:06',NULL,NULL,NULL,NULL,'None',NULL,'None','test4','test2',NULL,'test3','test4','None','None',NULL,'None','None',NULL,NULL,NULL,NULL,NULL,NULL,NULL,NULL,NULL,NULL,'None',NULL,NULL,'None','None',NULL,'None',NULL,'None','NULL',0),(4,'2020-03-20 14:04:12',NULL,'2020-03-21 11:57:22',NULL,NULL,NULL,'2020-03-02 00:00:00','http://asasas.sasa.asasa','N','http://hp.alm.jira','PPM123','SPD','Capital','Beth ABC','beth@rbs.com','PMO','Beth ABC',NULL,'Dennise G','Ron Paro','Project','C','2020-03-02 00:00:00','2020-03-06 00:00:00','2020-03-09 00:00:00','2020-03-13 00:00:00','2020-03-16 00:00:00','2020-03-20 00:00:00','2020-03-22 00:00:00',NULL,'awesome project','vn05672','Y','Falcon','Sharepoint','Y','Customer Info','N','None','NEW',1),(5,'2020-03-20 14:12:45',NULL,'2020-03-21 11:57:35',NULL,NULL,NULL,'2020-03-02 00:00:00','http://asasas.sasa.asasa','N','http://hp.alm.jira','PPM123','SPD','Capital','Beth ABC','beth@rbs.com','PMO','Beth ABC',NULL,'Dennise G','Ron Paro','Project','C','2020-03-02 00:00:00','2020-03-06 00:00:00','2020-03-09 00:00:00','2020-03-13 00:00:00','2020-03-16 00:00:00','2020-03-20 00:00:00','2020-03-22 00:00:00',NULL,'awesome project','vn05672','Y','Falcon','Sharepoint','Y','Customer Info','N','None','NEW',1),(6,'2020-03-20 14:17:27',NULL,'2020-03-21 11:58:55',NULL,NULL,NULL,'2020-03-02 00:00:00','http://asasas.sasa.asasa','N','http://hp.alm.jira','PPM123','SPD','Capital','Beth ABC','beth@rbs.com','PMO','Beth ABC',NULL,'Dennise G','Ron Paro','Project','C','2020-03-02 00:00:00','2020-03-06 00:00:00','2020-03-09 00:00:00','2020-03-13 00:00:00','2020-03-16 00:00:00','2020-03-20 00:00:00','2020-03-22 00:00:00',NULL,'awesome project','vn05672','Y','Falcon','Sharepoint','Y','Customer Info','N','None','NEW',1),(7,'2020-03-20 14:18:31',NULL,'2020-03-21 11:54:38',NULL,NULL,NULL,'2020-03-02 00:00:00','http://asasas.sasa.asasa','N','http://hp.alm.jira','PPM123','SPD23','Capital','Beth ABC','beth@rbs.com','PMO','Beth ABC',NULL,'Dennise G','Ron Paro','Project','C','2020-03-02 00:00:00','2020-03-06 00:00:00','2020-03-09 00:00:00','2020-03-13 00:00:00','2020-03-16 00:00:00','2020-03-20 00:00:00','2020-03-22 00:00:00',NULL,'awesome project','vn05672','Y','Falcon','Sharepoint','Y','Customer Info','N','None','NEW',1),(8,'2020-03-20 16:36:50',NULL,'2020-03-30 19:23:20',NULL,NULL,NULL,NULL,'None',NULL,'None','None','None',NULL,'None','None','None','None',NULL,'None','None',NULL,NULL,NULL,NULL,NULL,NULL,NULL,NULL,NULL,NULL,'None',NULL,NULL,'None','None',NULL,'None',NULL,'None','NULL',0),(9,'2020-03-20 21:02:07',NULL,'2020-04-12 11:38:32',NULL,'Planning Phase',NULL,'2020-02-01 00:00:00','https://jira.retailbusinessservices.com/secure/RapidBoard.jspa?rapidView=365&view=detail&selectedIssue=MDMCUS-2928','Y','https://confluence.retailbusinessservices.com/display/MDMCUS/MDM-Customer','IM131234','Demo CMDM RBS','Capital','Anne Molly','anne.malloy@delhaize.com','Project Manager','Anne Molly','1242198','Dennise G','Trinity P','Project','B','2020-01-01 00:00:00','2020-02-01 00:00:00','2020-02-02 00:00:00','2020-03-01 00:00:00','2020-03-02 00:00:00','2020-08-01 00:00:00','2020-08-02 00:00:00',NULL,'Implement RBS wide CMDM ','vn05672','Y','CERES','Sharepoint confluence','Y','Core Customer Information','Y','None','NEW',1),(10,'2020-03-21 17:45:49',NULL,'2020-03-30 19:13:54',NULL,NULL,NULL,NULL,'None',NULL,'None','test1','test2',NULL,'test3','test4','None','None',NULL,'None','None',NULL,NULL,NULL,NULL,NULL,NULL,NULL,NULL,NULL,NULL,'None',NULL,NULL,'None','None',NULL,'None',NULL,'None','APPROVED',1),(11,'2020-03-21 17:46:12',NULL,'2020-03-30 17:17:54',NULL,NULL,NULL,NULL,'None',NULL,'None','test2','test2',NULL,'test3','test4','None','None',NULL,'None','None',NULL,NULL,NULL,NULL,NULL,NULL,NULL,NULL,NULL,NULL,'None',NULL,NULL,'None','None',NULL,'None',NULL,'None','NULL',0),(12,'2020-03-21 17:46:22',NULL,'2020-03-30 19:18:34',NULL,NULL,NULL,NULL,'None',NULL,'None','test3','test2',NULL,'test3','test4','None','None',NULL,'None','None',NULL,NULL,NULL,NULL,NULL,NULL,NULL,NULL,NULL,NULL,'None',NULL,NULL,'None','None',NULL,'None',NULL,'None','NULL',0),(13,'2020-03-21 17:47:28',NULL,NULL,NULL,NULL,NULL,NULL,'None',NULL,'None','test1','test2',NULL,'test3','test4','None','None',NULL,'None','None',NULL,NULL,NULL,NULL,NULL,NULL,NULL,NULL,NULL,NULL,'None',NULL,NULL,'None','None',NULL,'None',NULL,'None','NULL',0),(14,'2020-03-23 19:48:00',NULL,'2020-03-30 19:22:13',NULL,NULL,NULL,NULL,'None',NULL,'None','None','None',NULL,'None','None','None','None',NULL,'None','None',NULL,NULL,NULL,NULL,NULL,NULL,NULL,NULL,NULL,NULL,'None',NULL,NULL,'None','None',NULL,'None',NULL,'None','None',1),(15,'2020-03-23 19:48:16',NULL,'2020-03-23 19:48:16',NULL,NULL,NULL,NULL,NULL,NULL,NULL,NULL,NULL,NULL,NULL,NULL,NULL,NULL,NULL,NULL,NULL,NULL,NULL,NULL,NULL,NULL,NULL,NULL,NULL,NULL,NULL,NULL,NULL,NULL,NULL,NULL,NULL,NULL,NULL,NULL,NULL,0),(16,'2020-03-23 20:11:05',NULL,'2020-03-23 20:11:05',NULL,NULL,NULL,NULL,NULL,NULL,NULL,NULL,NULL,NULL,NULL,NULL,NULL,NULL,NULL,NULL,NULL,NULL,NULL,NULL,NULL,NULL,NULL,NULL,NULL,NULL,NULL,NULL,NULL,NULL,NULL,NULL,NULL,NULL,NULL,NULL,NULL,0),(17,'2020-03-23 20:35:16',NULL,'2020-03-23 20:35:16',NULL,NULL,NULL,NULL,NULL,NULL,NULL,NULL,NULL,NULL,NULL,NULL,NULL,NULL,NULL,NULL,NULL,NULL,NULL,NULL,NULL,NULL,NULL,NULL,NULL,NULL,NULL,NULL,NULL,NULL,NULL,NULL,NULL,NULL,NULL,NULL,NULL,0),(18,'2020-03-23 20:35:56',NULL,'2020-03-23 20:35:56',NULL,NULL,NULL,NULL,NULL,NULL,NULL,NULL,NULL,NULL,NULL,NULL,NULL,NULL,NULL,NULL,NULL,NULL,NULL,NULL,NULL,NULL,NULL,NULL,NULL,NULL,NULL,NULL,NULL,NULL,NULL,NULL,NULL,NULL,NULL,NULL,NULL,0),(19,'2020-03-23 21:03:07',NULL,'2020-03-23 21:03:07',NULL,NULL,NULL,NULL,NULL,NULL,NULL,NULL,NULL,NULL,NULL,NULL,NULL,NULL,NULL,NULL,NULL,NULL,NULL,NULL,NULL,NULL,NULL,NULL,NULL,NULL,NULL,NULL,NULL,NULL,NULL,NULL,NULL,NULL,NULL,NULL,NULL,0),(20,'2020-03-23 21:08:08',NULL,'2020-03-23 21:08:08',NULL,NULL,NULL,NULL,NULL,NULL,NULL,NULL,NULL,NULL,NULL,NULL,NULL,NULL,NULL,NULL,NULL,NULL,NULL,NULL,NULL,NULL,NULL,NULL,NULL,NULL,NULL,NULL,NULL,NULL,NULL,NULL,NULL,NULL,NULL,NULL,NULL,0),(21,'2020-03-24 22:01:42',NULL,'2020-03-24 22:01:42',NULL,NULL,NULL,NULL,NULL,NULL,NULL,NULL,NULL,NULL,NULL,NULL,NULL,NULL,NULL,NULL,NULL,NULL,NULL,NULL,NULL,NULL,NULL,NULL,NULL,NULL,NULL,NULL,NULL,NULL,NULL,NULL,NULL,NULL,NULL,NULL,NULL,0),(22,'2020-03-24 22:05:44',NULL,'2020-03-24 22:05:44',NULL,NULL,NULL,NULL,NULL,NULL,NULL,NULL,NULL,NULL,NULL,NULL,NULL,NULL,NULL,NULL,NULL,NULL,NULL,NULL,NULL,NULL,NULL,NULL,NULL,NULL,NULL,NULL,NULL,NULL,NULL,NULL,NULL,NULL,NULL,NULL,NULL,0),(23,'2020-03-30 13:27:02',NULL,'2020-04-14 14:27:49',NULL,'Preparation Phase',NULL,NULL,'None',NULL,'None','PPMID123','Falcon','Capital','John Barens','jb@delhaize.com','Project Manager','John Barens',NULL,'Mary James','John Barens','Project','B','2020-03-23 00:00:00','2020-04-03 00:00:00',NULL,NULL,NULL,NULL,NULL,NULL,'None',NULL,'Y','SPD','secure sharepoint','Y','Vendor PII','Y','None','SUBMITTED',1),(24,'2020-03-30 13:29:25',NULL,'2020-03-30 13:29:25',NULL,'Preparation Phase',NULL,NULL,NULL,NULL,NULL,'PPMID123','Falcon','Capital','John Barens','jb@delhaize.com','Project Manager','John Barens',NULL,'Mary James','John Barens','Project','B','2020-03-23 00:00:00','2020-04-03 00:00:00',NULL,NULL,NULL,NULL,NULL,NULL,NULL,NULL,'Y','SPD','secure sharepoint','Y','Vendor PII','Y',NULL,'NEW',1),(25,'2020-03-30 13:58:44',NULL,'2020-03-30 13:58:44',NULL,'Preparation Phase',NULL,NULL,NULL,NULL,NULL,'PPMID123','Falcon','Capital','John Barens','jb@delhaize.com','Project Manager','John Barens',NULL,'Mary James','John Barens','Project','B','2020-03-23 00:00:00','2020-04-03 00:00:00',NULL,NULL,NULL,NULL,NULL,NULL,NULL,NULL,'Y','SPD','secure sharepoint','Y','Vendor PII','Y',NULL,'NEW',1),(26,'2020-03-30 13:59:07',NULL,'2020-03-30 13:59:07',NULL,'Preparation Phase',NULL,NULL,NULL,NULL,NULL,'PPMID123','Falcon','Capital','John Barens','jb@delhaize.com','Project Manager','John Barens',NULL,'Mary James','John Barens','Project','B','2020-03-23 00:00:00','2020-04-03 00:00:00',NULL,NULL,NULL,NULL,NULL,NULL,NULL,NULL,'Y','SPD','secure sharepoint','Y','Vendor PII','Y',NULL,'NEW',1),(27,'2020-03-30 13:59:15',NULL,'2020-03-30 14:03:20',NULL,'Preparation Phase',NULL,NULL,'None',NULL,'None','PPMID123','Falcon','Capital','John Barens','jb@delhaize.com','Project Manager','John Barens',NULL,'Mary James','John Barens','Project','B','2020-03-23 00:00:00','2020-04-03 00:00:00',NULL,NULL,NULL,NULL,NULL,NULL,'None',NULL,'Y','SPD','secure sharepoint','Y','Vendor PII','Y','None','NEW',1),(28,'2020-03-30 19:48:25',NULL,'2020-03-30 19:48:25',NULL,NULL,NULL,NULL,NULL,NULL,NULL,NULL,NULL,NULL,NULL,NULL,NULL,NULL,NULL,NULL,NULL,NULL,NULL,NULL,NULL,NULL,NULL,NULL,NULL,NULL,NULL,NULL,NULL,NULL,NULL,NULL,NULL,NULL,NULL,NULL,'SUBMITTED',1),(29,'2020-03-31 15:00:23',NULL,'2020-03-31 15:02:14',NULL,'Preparation Phase',NULL,'2020-04-02 00:00:00','TBU','N','http://hp.alm.jira','IM12321','Project Mars','Capital','Mark Twin','mark.twin@rbs.com','Project Manager','Mark Twin','1242198','Bill Gates','Mark Twin','Project','B','2020-03-23 00:00:00','2020-04-03 00:00:00','2020-04-06 00:00:00','2020-05-01 00:00:00',NULL,NULL,NULL,NULL,'A great project to reach mars','vn05672','Y','None','secure sharepoint','Y','All users data','Y','None','NEW',1),(30,'2020-04-01 10:46:15',NULL,'2020-04-01 10:46:15',NULL,NULL,NULL,NULL,NULL,NULL,NULL,'PPM123121',NULL,NULL,NULL,NULL,NULL,NULL,NULL,NULL,NULL,NULL,NULL,NULL,NULL,NULL,NULL,NULL,NULL,NULL,NULL,NULL,NULL,NULL,NULL,NULL,NULL,NULL,NULL,NULL,'NEW',1),(31,'2020-04-07 09:55:44',NULL,'2020-04-07 09:55:44',NULL,NULL,NULL,NULL,NULL,NULL,NULL,NULL,NULL,NULL,NULL,NULL,NULL,NULL,NULL,NULL,NULL,NULL,NULL,NULL,NULL,NULL,NULL,NULL,NULL,NULL,NULL,NULL,NULL,NULL,NULL,NULL,NULL,NULL,NULL,NULL,'NEW',1),(32,'2020-04-07 13:47:48',NULL,'2020-04-07 13:49:12',NULL,'Preparation Phase',NULL,'2020-04-01 00:00:00','https://jira.retailbusinessservices.com/secure/RapidBoard.jspa?rapidView=365&view=detail&selectedIssue=MDMCUS-2928','Y','http://hp.alm.jira','PPM1231','Test 123','Capital','Anne Molly','anne.malloy@delhaize.com','PM','Anne Molly','1242198','Dennise Garner','Anne Molly','Project','C','2020-03-31 00:00:00','2020-04-21 00:00:00',NULL,NULL,NULL,NULL,NULL,NULL,'Great Project','vn05672','Y','Falcon','Sharepoint','N','None','Y','None','NEW',1),(33,'2020-04-07 14:08:52',NULL,'2020-04-07 14:08:52',NULL,'Preparation Phase',NULL,NULL,NULL,NULL,NULL,'IM123123','Test 123','Capital',NULL,NULL,NULL,NULL,NULL,NULL,NULL,NULL,'B',NULL,NULL,NULL,NULL,NULL,NULL,NULL,NULL,NULL,NULL,NULL,NULL,NULL,NULL,NULL,NULL,NULL,'NEW',1),(34,'2020-04-09 08:50:44',NULL,'2020-04-09 08:50:44',NULL,'Preparation Phase',NULL,NULL,NULL,NULL,NULL,'PPMID1233',NULL,'Capital',NULL,NULL,NULL,NULL,'1242198',NULL,NULL,'Project','B',NULL,NULL,NULL,NULL,NULL,NULL,NULL,NULL,NULL,'vn05672',NULL,NULL,NULL,NULL,NULL,NULL,NULL,'NEW',1),(35,'2020-04-11 21:40:02',NULL,'2020-04-11 21:40:02',NULL,NULL,NULL,NULL,NULL,NULL,NULL,NULL,NULL,NULL,NULL,NULL,NULL,NULL,NULL,NULL,NULL,NULL,NULL,NULL,NULL,NULL,NULL,NULL,NULL,NULL,NULL,NULL,NULL,NULL,NULL,NULL,NULL,NULL,NULL,NULL,'NEW',1),(36,'2020-04-11 21:49:08',NULL,'2020-04-11 21:49:08',NULL,NULL,NULL,NULL,NULL,NULL,NULL,NULL,NULL,NULL,NULL,NULL,NULL,NULL,NULL,NULL,NULL,NULL,NULL,NULL,NULL,NULL,NULL,NULL,NULL,NULL,NULL,NULL,NULL,NULL,NULL,NULL,NULL,NULL,NULL,NULL,'NEW',1),(37,'2020-04-11 21:53:13',NULL,'2020-04-11 21:53:13',NULL,NULL,NULL,NULL,NULL,NULL,NULL,NULL,NULL,NULL,NULL,NULL,NULL,NULL,NULL,NULL,NULL,NULL,NULL,NULL,NULL,NULL,NULL,NULL,NULL,NULL,NULL,NULL,NULL,NULL,NULL,NULL,NULL,NULL,NULL,NULL,'NEW',1),(38,'2020-04-11 22:02:20',NULL,'2020-04-16 21:26:25','','Preparation Phase',NULL,'2020-04-13 00:00:00','http://asasas.sasa.asasa','Y','https://confluence.retailbusinessservices.com/display/MDMCUS/MDM-Customer','IM1111111111111','Demo Project123','Expense','Tom Harris','beth@rbs.com','Project Manager','Tom Harris','UPDATE1','Dennise G','Tom Harris','Project','A','2020-04-13 00:00:00','2020-04-07 00:00:00','2020-04-13 00:00:00','2020-04-14 00:00:00','2020-04-20 00:00:00','2020-04-21 00:00:00','2020-04-27 00:00:00','2020-04-23 00:00:00','l detail which is import','VN07325','N','SPD','secure sharepoint','Y','Vendor PII','Y','123SNOW','NEW',1),(39,'2020-04-12 11:40:02',NULL,'2020-04-12 11:40:02','','Preparation Phase',NULL,NULL,'http://asasas.sasa.asasa',NULL,NULL,'IM99999','Test',NULL,'John Barens','tom@h.com','PMO','John Barens',NULL,NULL,'John Barens','Project',NULL,NULL,NULL,NULL,NULL,NULL,NULL,NULL,NULL,NULL,NULL,NULL,NULL,NULL,NULL,NULL,NULL,NULL,'NEW',1),(40,'2020-04-13 09:09:43',NULL,'2020-04-13 09:09:43','',NULL,NULL,NULL,NULL,NULL,NULL,'test2','SPD2','Capital','John Barens','jb@delhaize.com',NULL,'John Barens',NULL,NULL,'John Barens',NULL,NULL,NULL,NULL,NULL,NULL,NULL,NULL,NULL,NULL,NULL,NULL,NULL,NULL,NULL,NULL,NULL,NULL,NULL,'NEW',1),(41,'2020-04-14 14:21:27',NULL,'2020-04-14 14:21:27','',NULL,NULL,NULL,NULL,NULL,NULL,'PPMID123','SPD',NULL,NULL,NULL,NULL,NULL,NULL,NULL,NULL,NULL,NULL,NULL,NULL,NULL,NULL,NULL,NULL,NULL,NULL,NULL,NULL,NULL,NULL,NULL,NULL,NULL,NULL,NULL,'NEW',1),(42,'2020-04-15 12:06:40',NULL,'2020-04-15 12:06:40','',NULL,NULL,NULL,NULL,NULL,NULL,'Im1231','Test',NULL,'Beth ABC','jb@delhaize.com',NULL,'Beth ABC',NULL,NULL,'Beth ABC','Project',NULL,NULL,NULL,NULL,NULL,NULL,NULL,NULL,NULL,NULL,NULL,NULL,NULL,NULL,NULL,NULL,NULL,NULL,'NEW',1),(43,'2020-04-16 12:07:43',NULL,'2020-04-16 12:07:43','',NULL,NULL,NULL,NULL,NULL,NULL,'test3','Test 123',NULL,NULL,NULL,NULL,NULL,NULL,NULL,NULL,NULL,NULL,NULL,NULL,NULL,NULL,NULL,NULL,NULL,NULL,NULL,NULL,NULL,NULL,NULL,NULL,NULL,NULL,NULL,'NEW',1),(44,'2020-04-16 21:42:29',NULL,'2020-04-16 21:42:29','',NULL,NULL,NULL,NULL,NULL,NULL,'PPM123','SPD2',NULL,'Mark Twin','tom@h.com',NULL,NULL,NULL,NULL,NULL,NULL,NULL,NULL,NULL,NULL,NULL,NULL,NULL,NULL,NULL,NULL,NULL,NULL,NULL,NULL,NULL,NULL,NULL,NULL,'NEW',1);
/*!40000 ALTER TABLE `qagile_rfs_request` ENABLE KEYS */;
UNLOCK TABLES;

--
-- Table structure for table `qagile_rfs_request_cr`
--

DROP TABLE IF EXISTS `qagile_rfs_request_cr`;
/*!40101 SET @saved_cs_client     = @@character_set_client */;
/*!50503 SET character_set_client = utf8mb4 */;
CREATE TABLE `qagile_rfs_request_cr` (
  `rfs_request_id` int DEFAULT NULL,
  `requester` varchar(45) DEFAULT NULL,
  `change_in` varchar(45) DEFAULT NULL,
  `date` datetime DEFAULT NULL,
  `description` varchar(1000) DEFAULT NULL,
  `prev_value` mediumtext,
  `new_value` mediumtext,
  `cr_id` int NOT NULL,
  PRIMARY KEY (`cr_id`),
  KEY `fk_rfs_request_cr_idx` (`rfs_request_id`),
  CONSTRAINT `fk_rfs_request_cr` FOREIGN KEY (`rfs_request_id`) REFERENCES `qagile_rfs_request` (`rfs_request_id`)
) ENGINE=InnoDB DEFAULT CHARSET=utf8mb4 COLLATE=utf8mb4_0900_ai_ci;
/*!40101 SET character_set_client = @saved_cs_client */;

--
-- Dumping data for table `qagile_rfs_request_cr`
--

LOCK TABLES `qagile_rfs_request_cr` WRITE;
/*!40000 ALTER TABLE `qagile_rfs_request_cr` DISABLE KEYS */;
/*!40000 ALTER TABLE `qagile_rfs_request_cr` ENABLE KEYS */;
UNLOCK TABLES;

--
-- Table structure for table `qagile_rfs_request_scope`
--

DROP TABLE IF EXISTS `qagile_rfs_request_scope`;
/*!40101 SET @saved_cs_client     = @@character_set_client */;
/*!50503 SET character_set_client = utf8mb4 */;
CREATE TABLE `qagile_rfs_request_scope` (
  `rfs_request_id` int NOT NULL,
  `service` varchar(45) DEFAULT NULL,
  `include` tinyint DEFAULT NULL,
  `startdate` datetime DEFAULT NULL,
  `enddate` datetime DEFAULT NULL,
  `comment` varchar(1000) DEFAULT NULL,
  `scope_id` int NOT NULL AUTO_INCREMENT,
  `seq` int DEFAULT NULL,
  PRIMARY KEY (`scope_id`),
  UNIQUE KEY `uk` (`rfs_request_id`,`service`),
  KEY `fk_rfs_request_id_idx` (`rfs_request_id`),
  CONSTRAINT `fk_rfs_request_id` FOREIGN KEY (`rfs_request_id`) REFERENCES `qagile_rfs_request` (`rfs_request_id`)
) ENGINE=InnoDB AUTO_INCREMENT=743 DEFAULT CHARSET=utf8mb4 COLLATE=utf8mb4_0900_ai_ci;
/*!40101 SET character_set_client = @saved_cs_client */;

--
-- Dumping data for table `qagile_rfs_request_scope`
--

LOCK TABLES `qagile_rfs_request_scope` WRITE;
/*!40000 ALTER TABLE `qagile_rfs_request_scope` DISABLE KEYS */;
INSERT INTO `qagile_rfs_request_scope` VALUES (7,'SIT (includes E2E)',1,'2020-03-02 00:00:00',NULL,'None',50,1),(7,'UAT Support',1,'2020-03-09 00:00:00','2020-03-10 00:00:00','2020-03-10',51,2),(7,'Regression Tests Execution',1,'2020-03-16 00:00:00','2020-03-18 00:00:00','None',52,3),(7,'Automation',1,'2020-03-18 00:00:00','2020-03-20 00:00:00','None',53,4),(7,'Performance Test',1,'2020-03-23 00:00:00','2020-03-25 00:00:00','None',54,5),(7,'Security',NULL,NULL,NULL,'None',55,6),(7,'IGNITE Quality Platform',NULL,NULL,NULL,'None',56,7),(4,'SIT (includes E2E)',NULL,NULL,NULL,NULL,64,1),(4,'UAT Support',NULL,NULL,NULL,NULL,65,2),(4,'Regression Tests Execution',NULL,NULL,NULL,NULL,66,3),(4,'Automation',NULL,NULL,NULL,NULL,67,4),(4,'Performance Test',NULL,NULL,NULL,NULL,68,5),(4,'Security',NULL,NULL,NULL,NULL,69,6),(4,'IGNITE Quality Platform',NULL,NULL,NULL,NULL,70,7),(5,'SIT (includes E2E)',NULL,NULL,NULL,NULL,71,1),(5,'UAT Support',NULL,NULL,NULL,NULL,72,2),(5,'Regression Tests Execution',NULL,NULL,NULL,NULL,73,3),(5,'Automation',NULL,NULL,NULL,NULL,74,4),(5,'Performance Test',NULL,NULL,NULL,NULL,75,5),(5,'Security',NULL,NULL,NULL,NULL,76,6),(5,'IGNITE Quality Platform',NULL,NULL,NULL,NULL,77,7),(6,'SIT (includes E2E)',NULL,NULL,NULL,NULL,85,1),(6,'UAT Support',NULL,NULL,NULL,NULL,86,2),(6,'Regression Tests Execution',NULL,NULL,NULL,NULL,87,3),(6,'Automation',NULL,NULL,NULL,NULL,88,4),(6,'Performance Test',NULL,NULL,NULL,NULL,89,5),(6,'Security',NULL,NULL,NULL,NULL,90,6),(6,'IGNITE Quality Platform',NULL,NULL,NULL,NULL,91,7),(1,'SIT (includes E2E)',NULL,NULL,NULL,'None',92,1),(1,'UAT Support',NULL,NULL,NULL,'None',93,2),(1,'Regression Tests Execution',NULL,NULL,NULL,'None',94,3),(1,'Automation',NULL,NULL,NULL,'None',95,4),(1,'Performance Test',NULL,NULL,NULL,'None',96,5),(1,'Security',NULL,NULL,NULL,'None',97,6),(1,'IGNITE Quality Platform',NULL,NULL,NULL,'None',98,7),(13,'SIT (includes E2E)',NULL,NULL,NULL,'None',127,1),(13,'UAT Support',NULL,NULL,NULL,'None',128,2),(13,'Regression Tests Execution',NULL,NULL,NULL,'None',129,3),(13,'Automation',NULL,NULL,NULL,'None',130,4),(13,'Performance Test',NULL,NULL,NULL,'None',131,5),(13,'Security',NULL,NULL,NULL,'None',132,6),(13,'IGNITE Quality Platform',NULL,NULL,NULL,'None',133,7),(2,'SIT (includes E2E)',NULL,NULL,NULL,'None',239,1),(2,'UAT Support',NULL,NULL,NULL,'None',240,2),(2,'Regression Tests Execution',NULL,NULL,NULL,'None',241,3),(2,'Automation',NULL,NULL,NULL,'None',242,4),(2,'Performance Test',NULL,NULL,NULL,'None',243,5),(2,'Security',NULL,NULL,NULL,'None',244,6),(2,'IGNITE Quality Platform',NULL,NULL,NULL,'None',245,7),(24,'SIT (includes E2E)',NULL,NULL,NULL,NULL,260,1),(24,'UAT Support',NULL,NULL,NULL,NULL,261,2),(24,'Regression Tests Execution',NULL,NULL,NULL,NULL,262,3),(24,'Automation',NULL,NULL,NULL,NULL,263,4),(24,'Performance Test',NULL,NULL,NULL,NULL,264,5),(24,'Security',NULL,NULL,NULL,NULL,265,6),(24,'IGNITE Quality Platform',NULL,NULL,NULL,NULL,266,7),(25,'SIT (includes E2E)',NULL,NULL,NULL,NULL,267,1),(25,'UAT Support',NULL,NULL,NULL,NULL,268,2),(25,'Regression Tests Execution',NULL,NULL,NULL,NULL,269,3),(25,'Automation',NULL,NULL,NULL,NULL,270,4),(25,'Performance Test',NULL,NULL,NULL,NULL,271,5),(25,'Security',NULL,NULL,NULL,NULL,272,6),(25,'IGNITE Quality Platform',NULL,NULL,NULL,NULL,273,7),(26,'SIT (includes E2E)',NULL,NULL,NULL,NULL,274,1),(26,'UAT Support',NULL,NULL,NULL,NULL,275,2),(26,'Regression Tests Execution',NULL,NULL,NULL,NULL,276,3),(26,'Automation',NULL,NULL,NULL,NULL,277,4),(26,'Performance Test',NULL,NULL,NULL,NULL,278,5),(26,'Security',NULL,NULL,NULL,NULL,279,6),(26,'IGNITE Quality Platform',NULL,NULL,NULL,NULL,280,7),(27,'SIT (includes E2E)',NULL,NULL,NULL,'None',288,1),(27,'UAT Support',NULL,NULL,NULL,'None',289,2),(27,'Regression Tests Execution',NULL,NULL,NULL,'None',290,3),(27,'Automation',NULL,NULL,NULL,'None',291,4),(27,'Performance Test',NULL,NULL,NULL,'None',292,5),(27,'Security',NULL,NULL,NULL,'None',293,6),(27,'IGNITE Quality Platform',NULL,NULL,NULL,'None',294,7),(11,'SIT (includes E2E)',NULL,NULL,NULL,'None',309,1),(11,'UAT Support',NULL,NULL,NULL,'None',310,2),(11,'Regression Tests Execution',NULL,NULL,NULL,'None',311,3),(11,'Automation',NULL,NULL,NULL,'None',312,4),(11,'Performance Test',NULL,NULL,NULL,'None',313,5),(11,'Security',NULL,NULL,NULL,'None',314,6),(11,'IGNITE Quality Platform',NULL,NULL,NULL,'None',315,7),(10,'SIT (includes E2E)',NULL,NULL,NULL,'None',386,1),(10,'UAT Support',NULL,NULL,NULL,'None',387,2),(10,'Regression Tests Execution',NULL,NULL,NULL,'None',388,3),(10,'Automation',NULL,NULL,NULL,'None',389,4),(10,'Performance Test',NULL,NULL,NULL,'None',390,5),(10,'Security',NULL,NULL,NULL,'None',391,6),(10,'IGNITE Quality Platform',NULL,NULL,NULL,'None',392,7),(12,'SIT (includes E2E)',NULL,NULL,NULL,'None',428,1),(12,'UAT Support',NULL,NULL,NULL,'None',429,2),(12,'Regression Tests Execution',NULL,NULL,NULL,'None',430,3),(12,'Automation',NULL,NULL,NULL,'None',431,4),(12,'Performance Test',NULL,NULL,NULL,'None',432,5),(12,'Security',NULL,NULL,NULL,'None',433,6),(12,'IGNITE Quality Platform',NULL,NULL,NULL,'None',434,7),(14,'SIT (includes E2E)',NULL,NULL,NULL,NULL,435,1),(14,'UAT Support',NULL,NULL,NULL,NULL,436,2),(14,'Regression Tests Execution',NULL,NULL,NULL,NULL,437,3),(14,'Automation',NULL,NULL,NULL,NULL,438,4),(14,'Performance Test',NULL,NULL,NULL,NULL,439,5),(14,'Security',NULL,NULL,NULL,NULL,440,6),(14,'IGNITE Quality Platform',NULL,NULL,NULL,NULL,441,7),(8,'SIT (includes E2E)',NULL,NULL,NULL,'None',442,1),(8,'UAT Support',NULL,NULL,NULL,'None',443,2),(8,'Regression Tests Execution',NULL,NULL,NULL,'None',444,3),(8,'Automation',NULL,NULL,NULL,'None',445,4),(8,'Performance Test',NULL,NULL,NULL,'None',446,5),(8,'Security',NULL,NULL,NULL,'None',447,6),(8,'IGNITE Quality Platform',NULL,NULL,NULL,'None',448,7),(28,'SIT (includes E2E)',NULL,NULL,NULL,NULL,456,1),(28,'UAT Support',NULL,NULL,NULL,NULL,457,2),(28,'Regression Tests Execution',NULL,NULL,NULL,NULL,458,3),(28,'Automation',NULL,NULL,NULL,NULL,459,4),(28,'Performance Test',NULL,NULL,NULL,NULL,460,5),(28,'Security',NULL,NULL,NULL,NULL,461,6),(28,'IGNITE Quality Platform',NULL,NULL,NULL,NULL,462,7),(29,'SIT (includes E2E)',NULL,NULL,NULL,'None',470,1),(29,'UAT Support',NULL,NULL,NULL,'None',471,2),(29,'Regression Tests Execution',NULL,NULL,NULL,'None',472,3),(29,'Automation',NULL,NULL,NULL,'None',473,4),(29,'Performance Test',NULL,NULL,NULL,'None',474,5),(29,'Security',NULL,NULL,NULL,'None',475,6),(29,'IGNITE Quality Platform',NULL,NULL,NULL,'None',476,7),(30,'SIT (includes E2E)',NULL,NULL,NULL,NULL,477,1),(30,'UAT Support',NULL,NULL,NULL,NULL,478,2),(30,'Regression Tests Execution',NULL,NULL,NULL,NULL,479,3),(30,'Automation',NULL,NULL,NULL,NULL,480,4),(30,'Performance Test',NULL,NULL,NULL,NULL,481,5),(30,'Security',NULL,NULL,NULL,NULL,482,6),(30,'IGNITE Quality Platform',NULL,NULL,NULL,NULL,483,7),(31,'SIT (includes E2E)',NULL,NULL,NULL,NULL,484,1),(31,'UAT Support',NULL,NULL,NULL,NULL,485,2),(31,'Regression Tests Execution',NULL,NULL,NULL,NULL,486,3),(31,'Automation',NULL,NULL,NULL,NULL,487,4),(31,'Performance Test',NULL,NULL,NULL,NULL,488,5),(31,'Security',NULL,NULL,NULL,NULL,489,6),(31,'IGNITE Quality Platform',NULL,NULL,NULL,NULL,490,7),(32,'SIT (includes E2E)',1,NULL,NULL,'None',498,1),(32,'UAT Support',1,NULL,NULL,'None',499,2),(32,'Regression Tests Execution',1,NULL,NULL,'None',500,3),(32,'Automation',1,NULL,NULL,'None',501,4),(32,'Performance Test',NULL,NULL,NULL,'None',502,5),(32,'Security',NULL,NULL,NULL,'None',503,6),(32,'IGNITE Quality Platform',NULL,NULL,NULL,'None',504,7),(33,'SIT (includes E2E)',NULL,NULL,NULL,NULL,505,1),(33,'UAT Support',NULL,NULL,NULL,NULL,506,2),(33,'Regression Tests Execution',NULL,NULL,NULL,NULL,507,3),(33,'Automation',NULL,NULL,NULL,NULL,508,4),(33,'Performance Test',NULL,NULL,NULL,NULL,509,5),(33,'Security',NULL,NULL,NULL,NULL,510,6),(33,'IGNITE Quality Platform',NULL,NULL,NULL,NULL,511,7),(34,'SIT (includes E2E)',NULL,NULL,NULL,NULL,519,1),(34,'UAT Support',NULL,NULL,NULL,NULL,520,2),(34,'Regression Tests Execution',NULL,NULL,NULL,NULL,521,3),(34,'Automation',NULL,NULL,NULL,NULL,522,4),(34,'Performance Test',NULL,NULL,NULL,NULL,523,5),(34,'Security',NULL,NULL,NULL,NULL,524,6),(34,'IGNITE Quality Platform',NULL,NULL,NULL,NULL,525,7),(35,'SIT (includes E2E)',NULL,NULL,NULL,NULL,540,1),(35,'UAT Support',NULL,NULL,NULL,NULL,541,2),(35,'Regression Tests Execution',NULL,NULL,NULL,NULL,542,3),(35,'Automation',NULL,NULL,NULL,NULL,543,4),(35,'Performance Test',NULL,NULL,NULL,NULL,544,5),(35,'Security',NULL,NULL,NULL,NULL,545,6),(35,'IGNITE Quality Platform',NULL,NULL,NULL,NULL,546,7),(36,'SIT (includes E2E)',NULL,NULL,NULL,NULL,547,1),(36,'UAT Support',NULL,NULL,NULL,NULL,548,2),(36,'Regression Tests Execution',NULL,NULL,NULL,NULL,549,3),(36,'Automation',NULL,NULL,NULL,NULL,550,4),(36,'Performance Test',NULL,NULL,NULL,NULL,551,5),(36,'Security',NULL,NULL,NULL,NULL,552,6),(36,'IGNITE Quality Platform',NULL,NULL,NULL,NULL,553,7),(37,'SIT (includes E2E)',NULL,NULL,NULL,NULL,554,1),(37,'UAT Support',NULL,NULL,NULL,NULL,555,2),(37,'Regression Tests Execution',NULL,NULL,NULL,NULL,556,3),(37,'Automation',NULL,NULL,NULL,NULL,557,4),(37,'Performance Test',NULL,NULL,NULL,NULL,558,5),(37,'Security',NULL,NULL,NULL,NULL,559,6),(37,'IGNITE Quality Platform',NULL,NULL,NULL,NULL,560,7),(9,'SIT (includes E2E)',1,'2020-03-16 00:00:00',NULL,'None',624,1),(9,'UAT Support',1,'2020-08-10 00:00:00','2020-10-09 00:00:00','None',625,2),(9,'Regression Tests Execution',1,'2020-04-06 00:00:00','2020-04-16 00:00:00','None',626,3),(9,'Automation',1,'2020-07-20 00:00:00','2020-08-20 00:00:00','None',627,4),(9,'Performance Test',1,'2020-04-27 00:00:00','2020-08-14 00:00:00','None',628,5),(9,'Security',1,'2020-07-06 00:00:00','2020-08-21 00:00:00','None',629,6),(9,'IGNITE Quality Platform',NULL,NULL,NULL,'None',630,7),(39,'SIT (includes E2E)',NULL,NULL,NULL,NULL,631,1),(39,'UAT Support',NULL,NULL,NULL,NULL,632,2),(39,'Regression Tests Execution',NULL,NULL,NULL,NULL,633,3),(39,'Automation',NULL,NULL,NULL,NULL,634,4),(39,'Performance Test',NULL,NULL,NULL,NULL,635,5),(39,'Security',NULL,NULL,NULL,NULL,636,6),(39,'IGNITE Quality Platform',NULL,NULL,NULL,NULL,637,7),(40,'SIT (includes E2E)',NULL,NULL,NULL,NULL,638,1),(40,'UAT Support',NULL,NULL,NULL,NULL,639,2),(40,'Regression Tests Execution',NULL,NULL,NULL,NULL,640,3),(40,'Automation',NULL,NULL,NULL,NULL,641,4),(40,'Performance Test',NULL,NULL,NULL,NULL,642,5),(40,'Security',NULL,NULL,NULL,NULL,643,6),(40,'IGNITE Quality Platform',NULL,NULL,NULL,NULL,644,7),(41,'SIT (includes E2E)',NULL,NULL,NULL,NULL,666,1),(41,'UAT Support',NULL,NULL,NULL,NULL,667,2),(41,'Regression Tests Execution',NULL,NULL,NULL,NULL,668,3),(41,'Automation',NULL,NULL,NULL,NULL,669,4),(41,'Performance Test',NULL,NULL,NULL,NULL,670,5),(41,'Security',NULL,NULL,NULL,NULL,671,6),(41,'IGNITE Quality Platform',NULL,NULL,NULL,NULL,672,7),(23,'SIT (includes E2E)',1,'2020-04-14 00:00:00','2020-04-21 00:00:00','SIT requested',673,1),(23,'UAT Support',1,'2020-04-22 00:00:00','2020-04-29 00:00:00','provide support',674,2),(23,'Regression Tests Execution',NULL,NULL,NULL,'None',675,3),(23,'Automation',NULL,NULL,NULL,'None',676,4),(23,'Performance Test',1,'2020-04-27 00:00:00','2020-04-30 00:00:00','include perf',677,5),(23,'Security',NULL,NULL,NULL,'None',678,6),(23,'IGNITE Quality Platform',NULL,NULL,NULL,'None',679,7),(42,'SIT (includes E2E)',NULL,NULL,NULL,NULL,680,1),(42,'UAT Support',NULL,NULL,NULL,NULL,681,2),(42,'Regression Tests Execution',NULL,NULL,NULL,NULL,682,3),(42,'Automation',NULL,NULL,NULL,NULL,683,4),(42,'Performance Test',NULL,NULL,NULL,NULL,684,5),(42,'Security',NULL,NULL,NULL,NULL,685,6),(42,'IGNITE Quality Platform',NULL,NULL,NULL,NULL,686,7),(43,'SIT (includes E2E)',NULL,NULL,NULL,NULL,687,1),(43,'UAT Support',NULL,NULL,NULL,NULL,688,2),(43,'Regression Tests Execution',NULL,NULL,NULL,NULL,689,3),(43,'Automation',NULL,NULL,NULL,NULL,690,4),(43,'Performance Test',NULL,NULL,NULL,NULL,691,5),(43,'Security',NULL,NULL,NULL,NULL,692,6),(43,'IGNITE Quality Platform',NULL,NULL,NULL,NULL,693,7),(38,'SIT (includes E2E)',1,'2020-04-06 00:00:00','2020-04-14 00:00:00','SIT requested',729,1),(38,'UAT Support',1,'2020-04-05 00:00:00','2020-04-08 00:00:00','provide support',730,2),(38,'Regression Tests Execution',1,'2020-04-13 00:00:00','2020-04-15 00:00:00','reg ecec',731,3),(38,'Automation',NULL,'2020-04-21 00:00:00',NULL,'automate',732,4),(38,'Performance Test',1,'2020-04-27 00:00:00','2020-04-28 00:00:00','include perf',733,5),(38,'Security',1,'2020-04-28 00:00:00','2020-05-05 00:00:00','scans',734,6),(38,'IGNITE Quality Platform',1,'2020-04-27 00:00:00','2020-04-30 00:00:00','cicd',735,7),(44,'SIT (includes E2E)',NULL,NULL,NULL,NULL,736,1),(44,'UAT Support',NULL,NULL,NULL,NULL,737,2),(44,'Regression Tests Execution',NULL,NULL,NULL,NULL,738,3),(44,'Automation',NULL,NULL,NULL,NULL,739,4),(44,'Performance Test',NULL,NULL,NULL,NULL,740,5),(44,'Security',NULL,NULL,NULL,NULL,741,6),(44,'IGNITE Quality Platform',NULL,NULL,NULL,NULL,742,7);
/*!40000 ALTER TABLE `qagile_rfs_request_scope` ENABLE KEYS */;
UNLOCK TABLES;

--
-- Table structure for table `qagile_rfs_resourceLoading`
--

DROP TABLE IF EXISTS `qagile_rfs_resourceLoading`;
/*!40101 SET @saved_cs_client     = @@character_set_client */;
/*!50503 SET character_set_client = utf8mb4 */;
CREATE TABLE `qagile_rfs_resourceLoading` (
  `record_id` int NOT NULL AUTO_INCREMENT,
  `rfs_request_id` int DEFAULT NULL,
  `person_id` varchar(10) DEFAULT NULL,
  `week` datetime DEFAULT NULL,
  `hrs` int DEFAULT '0',
  `created_dt` datetime DEFAULT CURRENT_TIMESTAMP,
  PRIMARY KEY (`record_id`),
  KEY `fk_resourceloading_person_idx` (`person_id`),
  KEY `fk_resourceloading_rfs_idx` (`rfs_request_id`),
  CONSTRAINT `fk_resourceloading_person` FOREIGN KEY (`person_id`) REFERENCES `qagile_person` (`vnid`),
  CONSTRAINT `fk_resourceloading_rfs` FOREIGN KEY (`rfs_request_id`) REFERENCES `qagile_rfs_request` (`rfs_request_id`)
) ENGINE=InnoDB AUTO_INCREMENT=7648 DEFAULT CHARSET=utf8mb4 COLLATE=utf8mb4_0900_ai_ci;
/*!40101 SET character_set_client = @saved_cs_client */;

--
-- Dumping data for table `qagile_rfs_resourceLoading`
--

LOCK TABLES `qagile_rfs_resourceLoading` WRITE;
/*!40000 ALTER TABLE `qagile_rfs_resourceLoading` DISABLE KEYS */;
INSERT INTO `qagile_rfs_resourceLoading` VALUES (487,1,'1242198','2020-04-06 00:00:00',4,'2020-03-26 20:44:28'),(488,1,'1242198','2020-04-13 00:00:00',4,'2020-03-26 20:44:28'),(489,1,'1242198','2020-04-20 00:00:00',4,'2020-03-26 20:44:28'),(490,1,'1242198','2020-04-27 00:00:00',4,'2020-03-26 20:44:28'),(491,1,'1242198','2020-05-04 00:00:00',4,'2020-03-26 20:44:28'),(492,1,'1242198','2020-05-11 00:00:00',4,'2020-03-26 20:44:28'),(493,1,'1242198','2020-05-18 00:00:00',4,'2020-03-26 20:44:28'),(494,1,'1242198','2020-05-25 00:00:00',4,'2020-03-26 20:44:28'),(495,1,'1242198','2020-06-01 00:00:00',4,'2020-03-26 20:44:28'),(496,1,'1242198','2020-06-08 00:00:00',4,'2020-03-26 20:44:28'),(497,1,'vn07098','2020-04-06 00:00:00',20,'2020-03-26 20:44:28'),(498,1,'vn07098','2020-04-13 00:00:00',20,'2020-03-26 20:44:28'),(499,1,'vn07098','2020-04-20 00:00:00',20,'2020-03-26 20:44:28'),(500,1,'vn07098','2020-04-27 00:00:00',20,'2020-03-26 20:44:28'),(501,1,'vn07098','2020-05-04 00:00:00',20,'2020-03-26 20:44:28'),(502,1,'vn07098','2020-05-11 00:00:00',20,'2020-03-26 20:44:28'),(503,1,'vn07098','2020-05-18 00:00:00',20,'2020-03-26 20:44:28'),(504,1,'vn07098','2020-05-25 00:00:00',20,'2020-03-26 20:44:28'),(505,1,'vn07098','2020-06-01 00:00:00',20,'2020-03-26 20:44:28'),(506,1,'vn07098','2020-06-08 00:00:00',20,'2020-03-26 20:44:28'),(507,1,'VN07325','2020-04-06 00:00:00',0,'2020-03-26 20:44:28'),(508,1,'VN07325','2020-04-13 00:00:00',0,'2020-03-26 20:44:28'),(509,1,'VN07325','2020-04-20 00:00:00',0,'2020-03-26 20:44:28'),(510,1,'VN07325','2020-04-27 00:00:00',0,'2020-03-26 20:44:28'),(511,1,'VN07325','2020-05-04 00:00:00',45,'2020-03-26 20:44:28'),(512,1,'VN07325','2020-05-11 00:00:00',45,'2020-03-26 20:44:28'),(513,1,'VN07325','2020-05-18 00:00:00',45,'2020-03-26 20:44:28'),(514,1,'VN07325','2020-05-25 00:00:00',45,'2020-03-26 20:44:28'),(515,1,'VN07325','2020-06-01 00:00:00',45,'2020-03-26 20:44:28'),(516,1,'VN07325','2020-06-08 00:00:00',45,'2020-03-26 20:44:28'),(517,1,'vn05672','2020-04-06 00:00:00',10,'2020-03-26 20:44:28'),(518,1,'vn05672','2020-04-13 00:00:00',10,'2020-03-26 20:44:28'),(519,1,'vn05672','2020-04-20 00:00:00',10,'2020-03-26 20:44:28'),(520,1,'vn05672','2020-04-27 00:00:00',10,'2020-03-26 20:44:28'),(521,1,'vn05672','2020-05-04 00:00:00',10,'2020-03-26 20:44:28'),(522,1,'vn05672','2020-05-11 00:00:00',10,'2020-03-26 20:44:28'),(523,1,'vn05672','2020-05-18 00:00:00',5,'2020-03-26 20:44:28'),(524,1,'vn05672','2020-05-25 00:00:00',5,'2020-03-26 20:44:28'),(525,1,'vn05672','2020-06-01 00:00:00',5,'2020-03-26 20:44:28'),(526,1,'vn05672','2020-06-08 00:00:00',5,'2020-03-26 20:44:28'),(5327,9,'1242198','2020-03-02 00:00:00',6,'2020-03-29 20:00:09'),(5328,9,'1242198','2020-03-09 00:00:00',5,'2020-03-29 20:00:09'),(5329,9,'1242198','2020-03-16 00:00:00',5,'2020-03-29 20:00:09'),(5330,9,'1242198','2020-03-23 00:00:00',5,'2020-03-29 20:00:09'),(5331,9,'1242198','2020-03-30 00:00:00',5,'2020-03-29 20:00:09'),(5332,9,'1242198','2020-04-06 00:00:00',5,'2020-03-29 20:00:09'),(5333,9,'1242198','2020-04-13 00:00:00',5,'2020-03-29 20:00:09'),(5334,9,'1242198','2020-04-20 00:00:00',5,'2020-03-29 20:00:09'),(5335,9,'1242198','2020-04-27 00:00:00',5,'2020-03-29 20:00:09'),(5336,9,'1242198','2020-05-04 00:00:00',5,'2020-03-29 20:00:09'),(5337,9,'1242198','2020-05-11 00:00:00',5,'2020-03-29 20:00:09'),(5338,9,'1242198','2020-05-18 00:00:00',5,'2020-03-29 20:00:09'),(5339,9,'1242198','2020-05-25 00:00:00',5,'2020-03-29 20:00:09'),(5340,9,'1242198','2020-06-01 00:00:00',5,'2020-03-29 20:00:09'),(5341,9,'1242198','2020-06-08 00:00:00',5,'2020-03-29 20:00:09'),(5342,9,'1242198','2020-06-15 00:00:00',5,'2020-03-29 20:00:09'),(5343,9,'1242198','2020-06-22 00:00:00',5,'2020-03-29 20:00:09'),(5344,9,'1242198','2020-06-29 00:00:00',5,'2020-03-29 20:00:09'),(5345,9,'1242198','2020-07-06 00:00:00',5,'2020-03-29 20:00:09'),(5346,9,'1242198','2020-07-13 00:00:00',5,'2020-03-29 20:00:09'),(5347,9,'1242198','2020-07-20 00:00:00',5,'2020-03-29 20:00:09'),(5348,9,'1242198','2020-07-27 00:00:00',5,'2020-03-29 20:00:09'),(5349,9,'1242198','2020-08-03 00:00:00',5,'2020-03-29 20:00:09'),(5350,9,'1242198','2020-08-10 00:00:00',5,'2020-03-29 20:00:09'),(5351,9,'1242198','2020-08-17 00:00:00',5,'2020-03-29 20:00:09'),(5352,9,'1242198','2020-08-24 00:00:00',5,'2020-03-29 20:00:09'),(5353,9,'1242198','2020-08-31 00:00:00',5,'2020-03-29 20:00:09'),(5354,9,'1242198','2020-09-07 00:00:00',5,'2020-03-29 20:00:09'),(5355,9,'1242198','2020-09-14 00:00:00',5,'2020-03-29 20:00:09'),(5356,9,'1242198','2020-09-21 00:00:00',5,'2020-03-29 20:00:09'),(5357,9,'1242198','2020-09-28 00:00:00',5,'2020-03-29 20:00:09'),(5358,9,'1242198','2020-10-05 00:00:00',5,'2020-03-29 20:00:09'),(5359,9,'vn02185','2020-03-02 00:00:00',5,'2020-03-29 20:00:09'),(5360,9,'vn02185','2020-03-09 00:00:00',0,'2020-03-29 20:00:09'),(5361,9,'vn02185','2020-03-16 00:00:00',0,'2020-03-29 20:00:09'),(5362,9,'vn02185','2020-03-23 00:00:00',0,'2020-03-29 20:00:09'),(5363,9,'vn02185','2020-03-30 00:00:00',0,'2020-03-29 20:00:09'),(5364,9,'vn02185','2020-04-06 00:00:00',0,'2020-03-29 20:00:09'),(5365,9,'vn02185','2020-04-13 00:00:00',0,'2020-03-29 20:00:09'),(5366,9,'vn02185','2020-04-20 00:00:00',0,'2020-03-29 20:00:09'),(5367,9,'vn02185','2020-04-27 00:00:00',0,'2020-03-29 20:00:09'),(5368,9,'vn02185','2020-05-04 00:00:00',0,'2020-03-29 20:00:09'),(5369,9,'vn02185','2020-05-11 00:00:00',0,'2020-03-29 20:00:09'),(5370,9,'vn02185','2020-05-18 00:00:00',0,'2020-03-29 20:00:09'),(5371,9,'vn02185','2020-05-25 00:00:00',0,'2020-03-29 20:00:09'),(5372,9,'vn02185','2020-06-01 00:00:00',0,'2020-03-29 20:00:09'),(5373,9,'vn02185','2020-06-08 00:00:00',0,'2020-03-29 20:00:09'),(5374,9,'vn02185','2020-06-15 00:00:00',0,'2020-03-29 20:00:09'),(5375,9,'vn02185','2020-06-22 00:00:00',0,'2020-03-29 20:00:09'),(5376,9,'vn02185','2020-06-29 00:00:00',0,'2020-03-29 20:00:09'),(5377,9,'vn02185','2020-07-06 00:00:00',0,'2020-03-29 20:00:09'),(5378,9,'vn02185','2020-07-13 00:00:00',0,'2020-03-29 20:00:09'),(5379,9,'vn02185','2020-07-20 00:00:00',0,'2020-03-29 20:00:09'),(5380,9,'vn02185','2020-07-27 00:00:00',0,'2020-03-29 20:00:09'),(5381,9,'vn02185','2020-08-03 00:00:00',0,'2020-03-29 20:00:09'),(5382,9,'vn02185','2020-08-10 00:00:00',0,'2020-03-29 20:00:09'),(5383,9,'vn02185','2020-08-17 00:00:00',0,'2020-03-29 20:00:09'),(5384,9,'vn02185','2020-08-24 00:00:00',0,'2020-03-29 20:00:09'),(5385,9,'vn02185','2020-08-31 00:00:00',0,'2020-03-29 20:00:09'),(5386,9,'vn02185','2020-09-07 00:00:00',0,'2020-03-29 20:00:09'),(5387,9,'vn02185','2020-09-14 00:00:00',0,'2020-03-29 20:00:09'),(5388,9,'vn02185','2020-09-21 00:00:00',0,'2020-03-29 20:00:09'),(5389,9,'vn02185','2020-09-28 00:00:00',0,'2020-03-29 20:00:09'),(5390,9,'vn02185','2020-10-05 00:00:00',0,'2020-03-29 20:00:09'),(5391,9,'vn03617','2020-03-02 00:00:00',5,'2020-03-29 20:00:09'),(5392,9,'vn03617','2020-03-09 00:00:00',0,'2020-03-29 20:00:09'),(5393,9,'vn03617','2020-03-16 00:00:00',0,'2020-03-29 20:00:09'),(5394,9,'vn03617','2020-03-23 00:00:00',0,'2020-03-29 20:00:09'),(5395,9,'vn03617','2020-03-30 00:00:00',0,'2020-03-29 20:00:09'),(5396,9,'vn03617','2020-04-06 00:00:00',0,'2020-03-29 20:00:09'),(5397,9,'vn03617','2020-04-13 00:00:00',0,'2020-03-29 20:00:09'),(5398,9,'vn03617','2020-04-20 00:00:00',0,'2020-03-29 20:00:09'),(5399,9,'vn03617','2020-04-27 00:00:00',0,'2020-03-29 20:00:09'),(5400,9,'vn03617','2020-05-04 00:00:00',0,'2020-03-29 20:00:09'),(5401,9,'vn03617','2020-05-11 00:00:00',0,'2020-03-29 20:00:09'),(5402,9,'vn03617','2020-05-18 00:00:00',0,'2020-03-29 20:00:09'),(5403,9,'vn03617','2020-05-25 00:00:00',0,'2020-03-29 20:00:09'),(5404,9,'vn03617','2020-06-01 00:00:00',0,'2020-03-29 20:00:09'),(5405,9,'vn03617','2020-06-08 00:00:00',0,'2020-03-29 20:00:09'),(5406,9,'vn03617','2020-06-15 00:00:00',0,'2020-03-29 20:00:09'),(5407,9,'vn03617','2020-06-22 00:00:00',0,'2020-03-29 20:00:09'),(5408,9,'vn03617','2020-06-29 00:00:00',0,'2020-03-29 20:00:09'),(5409,9,'vn03617','2020-07-06 00:00:00',0,'2020-03-29 20:00:09'),(5410,9,'vn03617','2020-07-13 00:00:00',0,'2020-03-29 20:00:09'),(5411,9,'vn03617','2020-07-20 00:00:00',0,'2020-03-29 20:00:09'),(5412,9,'vn03617','2020-07-27 00:00:00',0,'2020-03-29 20:00:09'),(5413,9,'vn03617','2020-08-03 00:00:00',0,'2020-03-29 20:00:09'),(5414,9,'vn03617','2020-08-10 00:00:00',0,'2020-03-29 20:00:09'),(5415,9,'vn03617','2020-08-17 00:00:00',0,'2020-03-29 20:00:09'),(5416,9,'vn03617','2020-08-24 00:00:00',0,'2020-03-29 20:00:09'),(5417,9,'vn03617','2020-08-31 00:00:00',0,'2020-03-29 20:00:09'),(5418,9,'vn03617','2020-09-07 00:00:00',0,'2020-03-29 20:00:09'),(5419,9,'vn03617','2020-09-14 00:00:00',0,'2020-03-29 20:00:09'),(5420,9,'vn03617','2020-09-21 00:00:00',0,'2020-03-29 20:00:09'),(5421,9,'vn03617','2020-09-28 00:00:00',0,'2020-03-29 20:00:09'),(5422,9,'vn03617','2020-10-05 00:00:00',0,'2020-03-29 20:00:09'),(5423,9,'vn03626','2020-03-02 00:00:00',5,'2020-03-29 20:00:09'),(5424,9,'vn03626','2020-03-09 00:00:00',0,'2020-03-29 20:00:09'),(5425,9,'vn03626','2020-03-16 00:00:00',0,'2020-03-29 20:00:09'),(5426,9,'vn03626','2020-03-23 00:00:00',0,'2020-03-29 20:00:09'),(5427,9,'vn03626','2020-03-30 00:00:00',0,'2020-03-29 20:00:09'),(5428,9,'vn03626','2020-04-06 00:00:00',0,'2020-03-29 20:00:09'),(5429,9,'vn03626','2020-04-13 00:00:00',0,'2020-03-29 20:00:09'),(5430,9,'vn03626','2020-04-20 00:00:00',0,'2020-03-29 20:00:09'),(5431,9,'vn03626','2020-04-27 00:00:00',0,'2020-03-29 20:00:09'),(5432,9,'vn03626','2020-05-04 00:00:00',0,'2020-03-29 20:00:09'),(5433,9,'vn03626','2020-05-11 00:00:00',0,'2020-03-29 20:00:09'),(5434,9,'vn03626','2020-05-18 00:00:00',0,'2020-03-29 20:00:09'),(5435,9,'vn03626','2020-05-25 00:00:00',0,'2020-03-29 20:00:09'),(5436,9,'vn03626','2020-06-01 00:00:00',0,'2020-03-29 20:00:09'),(5437,9,'vn03626','2020-06-08 00:00:00',0,'2020-03-29 20:00:09'),(5438,9,'vn03626','2020-06-15 00:00:00',0,'2020-03-29 20:00:09'),(5439,9,'vn03626','2020-06-22 00:00:00',0,'2020-03-29 20:00:09'),(5440,9,'vn03626','2020-06-29 00:00:00',0,'2020-03-29 20:00:09'),(5441,9,'vn03626','2020-07-06 00:00:00',0,'2020-03-29 20:00:09'),(5442,9,'vn03626','2020-07-13 00:00:00',0,'2020-03-29 20:00:09'),(5443,9,'vn03626','2020-07-20 00:00:00',0,'2020-03-29 20:00:09'),(5444,9,'vn03626','2020-07-27 00:00:00',0,'2020-03-29 20:00:09'),(5445,9,'vn03626','2020-08-03 00:00:00',0,'2020-03-29 20:00:09'),(5446,9,'vn03626','2020-08-10 00:00:00',0,'2020-03-29 20:00:09'),(5447,9,'vn03626','2020-08-17 00:00:00',0,'2020-03-29 20:00:09'),(5448,9,'vn03626','2020-08-24 00:00:00',0,'2020-03-29 20:00:09'),(5449,9,'vn03626','2020-08-31 00:00:00',0,'2020-03-29 20:00:09'),(5450,9,'vn03626','2020-09-07 00:00:00',0,'2020-03-29 20:00:09'),(5451,9,'vn03626','2020-09-14 00:00:00',0,'2020-03-29 20:00:09'),(5452,9,'vn03626','2020-09-21 00:00:00',0,'2020-03-29 20:00:09'),(5453,9,'vn03626','2020-09-28 00:00:00',0,'2020-03-29 20:00:09'),(5454,9,'vn03626','2020-10-05 00:00:00',0,'2020-03-29 20:00:09'),(5455,9,'vn05672','2020-03-02 00:00:00',5,'2020-03-29 20:00:09'),(5456,9,'vn05672','2020-03-09 00:00:00',35,'2020-03-29 20:00:09'),(5457,9,'vn05672','2020-03-16 00:00:00',25,'2020-03-29 20:00:09'),(5458,9,'vn05672','2020-03-23 00:00:00',25,'2020-03-29 20:00:09'),(5459,9,'vn05672','2020-03-30 00:00:00',25,'2020-03-29 20:00:09'),(5460,9,'vn05672','2020-04-06 00:00:00',25,'2020-03-29 20:00:09'),(5461,9,'vn05672','2020-04-13 00:00:00',25,'2020-03-29 20:00:09'),(5462,9,'vn05672','2020-04-20 00:00:00',25,'2020-03-29 20:00:09'),(5463,9,'vn05672','2020-04-27 00:00:00',0,'2020-03-29 20:00:09'),(5464,9,'vn05672','2020-05-04 00:00:00',25,'2020-03-29 20:00:09'),(5465,9,'vn05672','2020-05-11 00:00:00',25,'2020-03-29 20:00:09'),(5466,9,'vn05672','2020-05-18 00:00:00',15,'2020-03-29 20:00:09'),(5467,9,'vn05672','2020-05-25 00:00:00',15,'2020-03-29 20:00:09'),(5468,9,'vn05672','2020-06-01 00:00:00',15,'2020-03-29 20:00:09'),(5469,9,'vn05672','2020-06-08 00:00:00',15,'2020-03-29 20:00:09'),(5470,9,'vn05672','2020-06-15 00:00:00',15,'2020-03-29 20:00:09'),(5471,9,'vn05672','2020-06-22 00:00:00',15,'2020-03-29 20:00:09'),(5472,9,'vn05672','2020-06-29 00:00:00',15,'2020-03-29 20:00:09'),(5473,9,'vn05672','2020-07-06 00:00:00',15,'2020-03-29 20:00:09'),(5474,9,'vn05672','2020-07-13 00:00:00',15,'2020-03-29 20:00:09'),(5475,9,'vn05672','2020-07-20 00:00:00',15,'2020-03-29 20:00:09'),(5476,9,'vn05672','2020-07-27 00:00:00',15,'2020-03-29 20:00:09'),(5477,9,'vn05672','2020-08-03 00:00:00',15,'2020-03-29 20:00:09'),(5478,9,'vn05672','2020-08-10 00:00:00',15,'2020-03-29 20:00:09'),(5479,9,'vn05672','2020-08-17 00:00:00',15,'2020-03-29 20:00:09'),(5480,9,'vn05672','2020-08-24 00:00:00',15,'2020-03-29 20:00:09'),(5481,9,'vn05672','2020-08-31 00:00:00',15,'2020-03-29 20:00:09'),(5482,9,'vn05672','2020-09-07 00:00:00',15,'2020-03-29 20:00:09'),(5483,9,'vn05672','2020-09-14 00:00:00',15,'2020-03-29 20:00:09'),(5484,9,'vn05672','2020-09-21 00:00:00',15,'2020-03-29 20:00:09'),(5485,9,'vn05672','2020-09-28 00:00:00',15,'2020-03-29 20:00:09'),(5486,9,'vn05672','2020-10-05 00:00:00',15,'2020-03-29 20:00:09'),(5487,9,'VN06492','2020-03-02 00:00:00',5,'2020-03-29 20:00:09'),(5488,9,'VN06492','2020-03-09 00:00:00',0,'2020-03-29 20:00:09'),(5489,9,'VN06492','2020-03-16 00:00:00',0,'2020-03-29 20:00:09'),(5490,9,'VN06492','2020-03-23 00:00:00',0,'2020-03-29 20:00:09'),(5491,9,'VN06492','2020-03-30 00:00:00',0,'2020-03-29 20:00:09'),(5492,9,'VN06492','2020-04-06 00:00:00',0,'2020-03-29 20:00:09'),(5493,9,'VN06492','2020-04-13 00:00:00',0,'2020-03-29 20:00:09'),(5494,9,'VN06492','2020-04-20 00:00:00',0,'2020-03-29 20:00:09'),(5495,9,'VN06492','2020-04-27 00:00:00',0,'2020-03-29 20:00:09'),(5496,9,'VN06492','2020-05-04 00:00:00',0,'2020-03-29 20:00:09'),(5497,9,'VN06492','2020-05-11 00:00:00',0,'2020-03-29 20:00:09'),(5498,9,'VN06492','2020-05-18 00:00:00',0,'2020-03-29 20:00:09'),(5499,9,'VN06492','2020-05-25 00:00:00',0,'2020-03-29 20:00:09'),(5500,9,'VN06492','2020-06-01 00:00:00',0,'2020-03-29 20:00:09'),(5501,9,'VN06492','2020-06-08 00:00:00',0,'2020-03-29 20:00:09'),(5502,9,'VN06492','2020-06-15 00:00:00',0,'2020-03-29 20:00:09'),(5503,9,'VN06492','2020-06-22 00:00:00',0,'2020-03-29 20:00:09'),(5504,9,'VN06492','2020-06-29 00:00:00',0,'2020-03-29 20:00:09'),(5505,9,'VN06492','2020-07-06 00:00:00',0,'2020-03-29 20:00:09'),(5506,9,'VN06492','2020-07-13 00:00:00',0,'2020-03-29 20:00:09'),(5507,9,'VN06492','2020-07-20 00:00:00',0,'2020-03-29 20:00:09'),(5508,9,'VN06492','2020-07-27 00:00:00',0,'2020-03-29 20:00:09'),(5509,9,'VN06492','2020-08-03 00:00:00',0,'2020-03-29 20:00:09'),(5510,9,'VN06492','2020-08-10 00:00:00',0,'2020-03-29 20:00:09'),(5511,9,'VN06492','2020-08-17 00:00:00',0,'2020-03-29 20:00:09'),(5512,9,'VN06492','2020-08-24 00:00:00',0,'2020-03-29 20:00:10'),(5513,9,'VN06492','2020-08-31 00:00:00',0,'2020-03-29 20:00:10'),(5514,9,'VN06492','2020-09-07 00:00:00',0,'2020-03-29 20:00:10'),(5515,9,'VN06492','2020-09-14 00:00:00',0,'2020-03-29 20:00:10'),(5516,9,'VN06492','2020-09-21 00:00:00',0,'2020-03-29 20:00:10'),(5517,9,'VN06492','2020-09-28 00:00:00',0,'2020-03-29 20:00:10'),(5518,9,'VN06492','2020-10-05 00:00:00',0,'2020-03-29 20:00:10'),(5519,9,'vn06493','2020-03-02 00:00:00',5,'2020-03-29 20:00:10'),(5520,9,'vn06493','2020-03-09 00:00:00',0,'2020-03-29 20:00:10'),(5521,9,'vn06493','2020-03-16 00:00:00',0,'2020-03-29 20:00:10'),(5522,9,'vn06493','2020-03-23 00:00:00',0,'2020-03-29 20:00:10'),(5523,9,'vn06493','2020-03-30 00:00:00',0,'2020-03-29 20:00:10'),(5524,9,'vn06493','2020-04-06 00:00:00',0,'2020-03-29 20:00:10'),(5525,9,'vn06493','2020-04-13 00:00:00',0,'2020-03-29 20:00:10'),(5526,9,'vn06493','2020-04-20 00:00:00',0,'2020-03-29 20:00:10'),(5527,9,'vn06493','2020-04-27 00:00:00',0,'2020-03-29 20:00:10'),(5528,9,'vn06493','2020-05-04 00:00:00',0,'2020-03-29 20:00:10'),(5529,9,'vn06493','2020-05-11 00:00:00',0,'2020-03-29 20:00:10'),(5530,9,'vn06493','2020-05-18 00:00:00',0,'2020-03-29 20:00:10'),(5531,9,'vn06493','2020-05-25 00:00:00',0,'2020-03-29 20:00:10'),(5532,9,'vn06493','2020-06-01 00:00:00',0,'2020-03-29 20:00:10'),(5533,9,'vn06493','2020-06-08 00:00:00',0,'2020-03-29 20:00:10'),(5534,9,'vn06493','2020-06-15 00:00:00',0,'2020-03-29 20:00:10'),(5535,9,'vn06493','2020-06-22 00:00:00',0,'2020-03-29 20:00:10'),(5536,9,'vn06493','2020-06-29 00:00:00',0,'2020-03-29 20:00:10'),(5537,9,'vn06493','2020-07-06 00:00:00',0,'2020-03-29 20:00:10'),(5538,9,'vn06493','2020-07-13 00:00:00',0,'2020-03-29 20:00:10'),(5539,9,'vn06493','2020-07-20 00:00:00',0,'2020-03-29 20:00:10'),(5540,9,'vn06493','2020-07-27 00:00:00',0,'2020-03-29 20:00:10'),(5541,9,'vn06493','2020-08-03 00:00:00',0,'2020-03-29 20:00:10'),(5542,9,'vn06493','2020-08-10 00:00:00',0,'2020-03-29 20:00:10'),(5543,9,'vn06493','2020-08-17 00:00:00',0,'2020-03-29 20:00:10'),(5544,9,'vn06493','2020-08-24 00:00:00',0,'2020-03-29 20:00:10'),(5545,9,'vn06493','2020-08-31 00:00:00',0,'2020-03-29 20:00:10'),(5546,9,'vn06493','2020-09-07 00:00:00',0,'2020-03-29 20:00:10'),(5547,9,'vn06493','2020-09-14 00:00:00',0,'2020-03-29 20:00:10'),(5548,9,'vn06493','2020-09-21 00:00:00',0,'2020-03-29 20:00:10'),(5549,9,'vn06493','2020-09-28 00:00:00',0,'2020-03-29 20:00:10'),(5550,9,'vn06493','2020-10-05 00:00:00',0,'2020-03-29 20:00:10'),(5551,9,'VN06804','2020-03-02 00:00:00',5,'2020-03-29 20:00:10'),(5552,9,'VN06804','2020-03-09 00:00:00',0,'2020-03-29 20:00:10'),(5553,9,'VN06804','2020-03-16 00:00:00',45,'2020-03-29 20:00:10'),(5554,9,'VN06804','2020-03-23 00:00:00',45,'2020-03-29 20:00:10'),(5555,9,'VN06804','2020-03-30 00:00:00',45,'2020-03-29 20:00:10'),(5556,9,'VN06804','2020-04-06 00:00:00',45,'2020-03-29 20:00:10'),(5557,9,'VN06804','2020-04-13 00:00:00',45,'2020-03-29 20:00:10'),(5558,9,'VN06804','2020-04-20 00:00:00',45,'2020-03-29 20:00:10'),(5559,9,'VN06804','2020-04-27 00:00:00',45,'2020-03-29 20:00:10'),(5560,9,'VN06804','2020-05-04 00:00:00',45,'2020-03-29 20:00:10'),(5561,9,'VN06804','2020-05-11 00:00:00',45,'2020-03-29 20:00:10'),(5562,9,'VN06804','2020-05-18 00:00:00',45,'2020-03-29 20:00:10'),(5563,9,'VN06804','2020-05-25 00:00:00',45,'2020-03-29 20:00:10'),(5564,9,'VN06804','2020-06-01 00:00:00',45,'2020-03-29 20:00:10'),(5565,9,'VN06804','2020-06-08 00:00:00',45,'2020-03-29 20:00:10'),(5566,9,'VN06804','2020-06-15 00:00:00',45,'2020-03-29 20:00:10'),(5567,9,'VN06804','2020-06-22 00:00:00',45,'2020-03-29 20:00:10'),(5568,9,'VN06804','2020-06-29 00:00:00',36,'2020-03-29 20:00:10'),(5569,9,'VN06804','2020-07-06 00:00:00',45,'2020-03-29 20:00:10'),(5570,9,'VN06804','2020-07-13 00:00:00',45,'2020-03-29 20:00:10'),(5571,9,'VN06804','2020-07-20 00:00:00',45,'2020-03-29 20:00:10'),(5572,9,'VN06804','2020-07-27 00:00:00',45,'2020-03-29 20:00:10'),(5573,9,'VN06804','2020-08-03 00:00:00',45,'2020-03-29 20:00:10'),(5574,9,'VN06804','2020-08-10 00:00:00',45,'2020-03-29 20:00:10'),(5575,9,'VN06804','2020-08-17 00:00:00',25,'2020-03-29 20:00:10'),(5576,9,'VN06804','2020-08-24 00:00:00',25,'2020-03-29 20:00:10'),(5577,9,'VN06804','2020-08-31 00:00:00',25,'2020-03-29 20:00:10'),(5578,9,'VN06804','2020-09-07 00:00:00',25,'2020-03-29 20:00:10'),(5579,9,'VN06804','2020-09-14 00:00:00',25,'2020-03-29 20:00:10'),(5580,9,'VN06804','2020-09-21 00:00:00',25,'2020-03-29 20:00:10'),(5581,9,'VN06804','2020-09-28 00:00:00',25,'2020-03-29 20:00:10'),(5582,9,'VN06804','2020-10-05 00:00:00',25,'2020-03-29 20:00:10'),(5583,9,'vn07098','2020-03-02 00:00:00',5,'2020-03-29 20:00:10'),(5584,9,'vn07098','2020-03-09 00:00:00',0,'2020-03-29 20:00:10'),(5585,9,'vn07098','2020-03-16 00:00:00',0,'2020-03-29 20:00:10'),(5586,9,'vn07098','2020-03-23 00:00:00',0,'2020-03-29 20:00:10'),(5587,9,'vn07098','2020-03-30 00:00:00',0,'2020-03-29 20:00:10'),(5588,9,'vn07098','2020-04-06 00:00:00',40,'2020-03-29 20:00:10'),(5589,9,'vn07098','2020-04-13 00:00:00',40,'2020-03-29 20:00:10'),(5590,9,'vn07098','2020-04-20 00:00:00',40,'2020-03-29 20:00:10'),(5591,9,'vn07098','2020-04-27 00:00:00',40,'2020-03-29 20:00:10'),(5592,9,'vn07098','2020-05-04 00:00:00',40,'2020-03-29 20:00:10'),(5593,9,'vn07098','2020-05-11 00:00:00',40,'2020-03-29 20:00:10'),(5594,9,'vn07098','2020-05-18 00:00:00',40,'2020-03-29 20:00:10'),(5595,9,'vn07098','2020-05-25 00:00:00',40,'2020-03-29 20:00:10'),(5596,9,'vn07098','2020-06-01 00:00:00',40,'2020-03-29 20:00:10'),(5597,9,'vn07098','2020-06-08 00:00:00',40,'2020-03-29 20:00:10'),(5598,9,'vn07098','2020-06-15 00:00:00',40,'2020-03-29 20:00:10'),(5599,9,'vn07098','2020-06-22 00:00:00',40,'2020-03-29 20:00:10'),(5600,9,'vn07098','2020-06-29 00:00:00',32,'2020-03-29 20:00:10'),(5601,9,'vn07098','2020-07-06 00:00:00',40,'2020-03-29 20:00:10'),(5602,9,'vn07098','2020-07-13 00:00:00',40,'2020-03-29 20:00:10'),(5603,9,'vn07098','2020-07-20 00:00:00',40,'2020-03-29 20:00:10'),(5604,9,'vn07098','2020-07-27 00:00:00',40,'2020-03-29 20:00:10'),(5605,9,'vn07098','2020-08-03 00:00:00',40,'2020-03-29 20:00:10'),(5606,9,'vn07098','2020-08-10 00:00:00',40,'2020-03-29 20:00:10'),(5607,9,'vn07098','2020-08-17 00:00:00',40,'2020-03-29 20:00:10'),(5608,9,'vn07098','2020-08-24 00:00:00',40,'2020-03-29 20:00:10'),(5609,9,'vn07098','2020-08-31 00:00:00',40,'2020-03-29 20:00:10'),(5610,9,'vn07098','2020-09-07 00:00:00',40,'2020-03-29 20:00:10'),(5611,9,'vn07098','2020-09-14 00:00:00',40,'2020-03-29 20:00:10'),(5612,9,'vn07098','2020-09-21 00:00:00',40,'2020-03-29 20:00:10'),(5613,9,'vn07098','2020-09-28 00:00:00',40,'2020-03-29 20:00:10'),(5614,9,'vn07098','2020-10-05 00:00:00',40,'2020-03-29 20:00:10'),(5615,9,'VN07325','2020-03-02 00:00:00',5,'2020-03-29 20:00:10'),(5616,9,'VN07325','2020-03-09 00:00:00',0,'2020-03-29 20:00:10'),(5617,9,'VN07325','2020-03-16 00:00:00',0,'2020-03-29 20:00:10'),(5618,9,'VN07325','2020-03-23 00:00:00',0,'2020-03-29 20:00:10'),(5619,9,'VN07325','2020-03-30 00:00:00',0,'2020-03-29 20:00:10'),(5620,9,'VN07325','2020-04-06 00:00:00',40,'2020-03-29 20:00:10'),(5621,9,'VN07325','2020-04-13 00:00:00',40,'2020-03-29 20:00:10'),(5622,9,'VN07325','2020-04-20 00:00:00',40,'2020-03-29 20:00:10'),(5623,9,'VN07325','2020-04-27 00:00:00',40,'2020-03-29 20:00:10'),(5624,9,'VN07325','2020-05-04 00:00:00',40,'2020-03-29 20:00:10'),(5625,9,'VN07325','2020-05-11 00:00:00',40,'2020-03-29 20:00:10'),(5626,9,'VN07325','2020-05-18 00:00:00',40,'2020-03-29 20:00:10'),(5627,9,'VN07325','2020-05-25 00:00:00',40,'2020-03-29 20:00:10'),(5628,9,'VN07325','2020-06-01 00:00:00',40,'2020-03-29 20:00:10'),(5629,9,'VN07325','2020-06-08 00:00:00',40,'2020-03-29 20:00:10'),(5630,9,'VN07325','2020-06-15 00:00:00',40,'2020-03-29 20:00:10'),(5631,9,'VN07325','2020-06-22 00:00:00',40,'2020-03-29 20:00:10'),(5632,9,'VN07325','2020-06-29 00:00:00',32,'2020-03-29 20:00:10'),(5633,9,'VN07325','2020-07-06 00:00:00',40,'2020-03-29 20:00:10'),(5634,9,'VN07325','2020-07-13 00:00:00',40,'2020-03-29 20:00:10'),(5635,9,'VN07325','2020-07-20 00:00:00',40,'2020-03-29 20:00:10'),(5636,9,'VN07325','2020-07-27 00:00:00',40,'2020-03-29 20:00:10'),(5637,9,'VN07325','2020-08-03 00:00:00',40,'2020-03-29 20:00:10'),(5638,9,'VN07325','2020-08-10 00:00:00',40,'2020-03-29 20:00:10'),(5639,9,'VN07325','2020-08-17 00:00:00',40,'2020-03-29 20:00:10'),(5640,9,'VN07325','2020-08-24 00:00:00',40,'2020-03-29 20:00:10'),(5641,9,'VN07325','2020-08-31 00:00:00',40,'2020-03-29 20:00:10'),(5642,9,'VN07325','2020-09-07 00:00:00',40,'2020-03-29 20:00:10'),(5643,9,'VN07325','2020-09-14 00:00:00',40,'2020-03-29 20:00:10'),(5644,9,'VN07325','2020-09-21 00:00:00',40,'2020-03-29 20:00:10'),(5645,9,'VN07325','2020-09-28 00:00:00',40,'2020-03-29 20:00:10'),(5646,9,'VN07325','2020-10-05 00:00:00',40,'2020-03-29 20:00:10'),(5647,27,'vn03895','2020-03-16 00:00:00',5,'2020-03-30 14:09:03'),(5648,27,'vn03895','2020-03-23 00:00:00',5,'2020-03-30 14:09:04'),(5649,27,'vn03895','2020-03-30 00:00:00',5,'2020-03-30 14:09:04'),(5650,27,'vn03895','2020-04-06 00:00:00',5,'2020-03-30 14:09:04'),(5651,27,'vn03895','2020-04-13 00:00:00',5,'2020-03-30 14:09:04'),(5652,27,'vn03895','2020-04-20 00:00:00',5,'2020-03-30 14:09:04'),(5653,27,'vn03893','2020-03-16 00:00:00',0,'2020-03-30 14:09:04'),(5654,27,'vn03893','2020-03-23 00:00:00',0,'2020-03-30 14:09:04'),(5655,27,'vn03893','2020-03-30 00:00:00',0,'2020-03-30 14:09:04'),(5656,27,'vn03893','2020-04-06 00:00:00',0,'2020-03-30 14:09:04'),(5657,27,'vn03893','2020-04-13 00:00:00',40,'2020-03-30 14:09:04'),(5658,27,'vn03893','2020-04-20 00:00:00',40,'2020-03-30 14:09:04'),(5659,27,'VN05861','2020-03-16 00:00:00',20,'2020-03-30 14:09:04'),(5660,27,'VN05861','2020-03-23 00:00:00',20,'2020-03-30 14:09:04'),(5661,27,'VN05861','2020-03-30 00:00:00',20,'2020-03-30 14:09:04'),(5662,27,'VN05861','2020-04-06 00:00:00',45,'2020-03-30 14:09:04'),(5663,27,'VN05861','2020-04-13 00:00:00',45,'2020-03-30 14:09:04'),(5664,27,'VN05861','2020-04-20 00:00:00',45,'2020-03-30 14:09:04'),(5665,27,'UPDATE1','2020-03-16 00:00:00',3,'2020-03-30 14:09:04'),(5666,27,'UPDATE1','2020-03-23 00:00:00',3,'2020-03-30 14:09:04'),(5667,27,'UPDATE1','2020-03-30 00:00:00',3,'2020-03-30 14:09:04'),(5668,27,'UPDATE1','2020-04-06 00:00:00',3,'2020-03-30 14:09:04'),(5669,27,'UPDATE1','2020-04-13 00:00:00',3,'2020-03-30 14:09:04'),(5670,27,'UPDATE1','2020-04-20 00:00:00',3,'2020-03-30 14:09:04'),(5671,2,'1242198','2020-03-23 00:00:00',12,'2020-03-30 19:27:26'),(5672,2,'1242198','2020-03-30 00:00:00',32,'2020-03-30 19:27:26'),(5673,2,'1242198','2020-04-06 00:00:00',21,'2020-03-30 19:27:26'),(5674,2,'1242198','2020-04-13 00:00:00',0,'2020-03-30 19:27:26'),(5675,2,'vn03616','2020-03-23 00:00:00',45,'2020-03-30 19:27:26'),(5676,2,'vn03616','2020-03-30 00:00:00',45,'2020-03-30 19:27:26'),(5677,2,'vn03616','2020-04-06 00:00:00',21,'2020-03-30 19:27:26'),(5678,2,'vn03616','2020-04-13 00:00:00',45,'2020-03-30 19:27:26'),(5679,2,'vn07098','2020-03-23 00:00:00',0,'2020-03-30 19:27:26'),(5680,2,'vn07098','2020-03-30 00:00:00',32,'2020-03-30 19:27:26'),(5681,2,'vn07098','2020-04-06 00:00:00',21,'2020-03-30 19:27:26'),(5682,2,'vn07098','2020-04-13 00:00:00',0,'2020-03-30 19:27:26'),(5683,2,'vn05672','2020-03-23 00:00:00',21,'2020-03-30 19:27:26'),(5684,2,'vn05672','2020-03-30 00:00:00',21,'2020-03-30 19:27:26'),(5685,2,'vn05672','2020-04-06 00:00:00',21,'2020-03-30 19:27:26'),(5686,2,'vn05672','2020-04-13 00:00:00',0,'2020-03-30 19:27:26'),(5687,2,'VN06804','2020-03-23 00:00:00',23,'2020-03-30 19:27:26'),(5688,2,'VN06804','2020-03-30 00:00:00',23,'2020-03-30 19:27:26'),(5689,2,'VN06804','2020-04-06 00:00:00',23,'2020-03-30 19:27:26'),(5690,2,'VN06804','2020-04-13 00:00:00',23,'2020-03-30 19:27:26'),(5691,2,'vn04597','2020-03-23 00:00:00',35,'2020-03-30 19:27:26'),(5692,2,'vn04597','2020-03-30 00:00:00',35,'2020-03-30 19:27:26'),(5693,2,'vn04597','2020-04-06 00:00:00',35,'2020-03-30 19:27:26'),(5694,2,'vn04597','2020-04-13 00:00:00',35,'2020-03-30 19:27:26'),(5695,32,'1242198','2020-04-20 00:00:00',5,'2020-04-07 13:50:51'),(5696,32,'1242198','2020-04-27 00:00:00',5,'2020-04-07 13:50:51'),(5697,32,'1242198','2020-05-04 00:00:00',5,'2020-04-07 13:50:51'),(5698,32,'1242198','2020-05-11 00:00:00',5,'2020-04-07 13:50:51'),(5699,32,'1242198','2020-05-18 00:00:00',5,'2020-04-07 13:50:51'),(5700,32,'1242198','2020-05-25 00:00:00',5,'2020-04-07 13:50:51'),(5701,32,'1242198','2020-06-01 00:00:00',5,'2020-04-07 13:50:51'),(5702,32,'1242198','2020-06-08 00:00:00',5,'2020-04-07 13:50:51'),(5703,32,'vn07098','2020-04-20 00:00:00',25,'2020-04-07 13:50:51'),(5704,32,'vn07098','2020-04-27 00:00:00',25,'2020-04-07 13:50:51'),(5705,32,'vn07098','2020-05-04 00:00:00',25,'2020-04-07 13:50:51'),(5706,32,'vn07098','2020-05-11 00:00:00',25,'2020-04-07 13:50:51'),(5707,32,'vn07098','2020-05-18 00:00:00',25,'2020-04-07 13:50:51'),(5708,32,'vn07098','2020-05-25 00:00:00',25,'2020-04-07 13:50:51'),(5709,32,'vn07098','2020-06-01 00:00:00',25,'2020-04-07 13:50:51'),(5710,32,'vn07098','2020-06-08 00:00:00',25,'2020-04-07 13:50:51'),(5711,32,'VN06804','2020-04-20 00:00:00',0,'2020-04-07 13:50:51'),(5712,32,'VN06804','2020-04-27 00:00:00',0,'2020-04-07 13:50:51'),(5713,32,'VN06804','2020-05-04 00:00:00',0,'2020-04-07 13:50:51'),(5714,32,'VN06804','2020-05-11 00:00:00',45,'2020-04-07 13:50:51'),(5715,32,'VN06804','2020-05-18 00:00:00',45,'2020-04-07 13:50:51'),(5716,32,'VN06804','2020-05-25 00:00:00',45,'2020-04-07 13:50:51'),(5717,32,'VN06804','2020-06-01 00:00:00',45,'2020-04-07 13:50:51'),(5718,32,'VN06804','2020-06-08 00:00:00',45,'2020-04-07 13:50:51'),(5719,32,'vn05672','2020-04-20 00:00:00',10,'2020-04-07 13:50:51'),(5720,32,'vn05672','2020-04-27 00:00:00',10,'2020-04-07 13:50:51'),(5721,32,'vn05672','2020-05-04 00:00:00',10,'2020-04-07 13:50:51'),(5722,32,'vn05672','2020-05-11 00:00:00',10,'2020-04-07 13:50:51'),(5723,32,'vn05672','2020-05-18 00:00:00',10,'2020-04-07 13:50:51'),(5724,32,'vn05672','2020-05-25 00:00:00',10,'2020-04-07 13:50:51'),(5725,32,'vn05672','2020-06-01 00:00:00',10,'2020-04-07 13:50:51'),(5726,32,'vn05672','2020-06-08 00:00:00',10,'2020-04-07 13:50:51'),(5727,33,'1242198','2020-04-13 00:00:00',5,'2020-04-07 14:11:58'),(5728,33,'1242198','2020-04-20 00:00:00',5,'2020-04-07 14:11:58'),(5729,33,'1242198','2020-04-27 00:00:00',5,'2020-04-07 14:11:58'),(5730,33,'1242198','2020-05-04 00:00:00',5,'2020-04-07 14:11:58'),(5731,33,'1242198','2020-05-11 00:00:00',5,'2020-04-07 14:11:58'),(5732,33,'1242198','2020-05-18 00:00:00',5,'2020-04-07 14:11:58'),(5733,33,'1242198','2020-05-25 00:00:00',5,'2020-04-07 14:11:58'),(5734,33,'1242198','2020-06-01 00:00:00',5,'2020-04-07 14:11:58'),(5735,33,'vn07098','2020-04-13 00:00:00',25,'2020-04-07 14:11:58'),(5736,33,'vn07098','2020-04-20 00:00:00',25,'2020-04-07 14:11:58'),(5737,33,'vn07098','2020-04-27 00:00:00',25,'2020-04-07 14:11:58'),(5738,33,'vn07098','2020-05-04 00:00:00',25,'2020-04-07 14:11:58'),(5739,33,'vn07098','2020-05-11 00:00:00',25,'2020-04-07 14:11:58'),(5740,33,'vn07098','2020-05-18 00:00:00',25,'2020-04-07 14:11:58'),(5741,33,'vn07098','2020-05-25 00:00:00',25,'2020-04-07 14:11:58'),(5742,33,'vn07098','2020-06-01 00:00:00',25,'2020-04-07 14:11:58'),(5743,33,'VN06804','2020-04-13 00:00:00',0,'2020-04-07 14:11:58'),(5744,33,'VN06804','2020-04-20 00:00:00',0,'2020-04-07 14:11:58'),(5745,33,'VN06804','2020-04-27 00:00:00',0,'2020-04-07 14:11:58'),(5746,33,'VN06804','2020-05-04 00:00:00',0,'2020-04-07 14:11:58'),(5747,33,'VN06804','2020-05-11 00:00:00',45,'2020-04-07 14:11:58'),(5748,33,'VN06804','2020-05-18 00:00:00',45,'2020-04-07 14:11:58'),(5749,33,'VN06804','2020-05-25 00:00:00',45,'2020-04-07 14:11:58'),(5750,33,'VN06804','2020-06-01 00:00:00',45,'2020-04-07 14:11:58'),(5751,33,'vn05672','2020-04-13 00:00:00',10,'2020-04-07 14:11:58'),(5752,33,'vn05672','2020-04-20 00:00:00',10,'2020-04-07 14:11:58'),(5753,33,'vn05672','2020-04-27 00:00:00',10,'2020-04-07 14:11:58'),(5754,33,'vn05672','2020-05-04 00:00:00',10,'2020-04-07 14:11:58'),(5755,33,'vn05672','2020-05-11 00:00:00',10,'2020-04-07 14:11:58'),(5756,33,'vn05672','2020-05-18 00:00:00',10,'2020-04-07 14:11:58'),(5757,33,'vn05672','2020-05-25 00:00:00',10,'2020-04-07 14:11:58'),(5758,33,'vn05672','2020-06-01 00:00:00',10,'2020-04-07 14:11:58'),(5759,34,'1242198','2020-04-13 00:00:00',5,'2020-04-09 08:53:21'),(5760,34,'1242198','2020-04-20 00:00:00',5,'2020-04-09 08:53:21'),(5761,34,'1242198','2020-04-27 00:00:00',5,'2020-04-09 08:53:21'),(5762,34,'1242198','2020-05-04 00:00:00',5,'2020-04-09 08:53:21'),(5763,34,'1242198','2020-05-11 00:00:00',5,'2020-04-09 08:53:21'),(5764,34,'1242198','2020-05-18 00:00:00',5,'2020-04-09 08:53:21'),(5765,34,'1242198','2020-05-25 00:00:00',5,'2020-04-09 08:53:21'),(5766,34,'1242198','2020-06-01 00:00:00',5,'2020-04-09 08:53:21'),(5767,34,'VN06804','2020-04-13 00:00:00',0,'2020-04-09 08:53:21'),(5768,34,'VN06804','2020-04-20 00:00:00',0,'2020-04-09 08:53:21'),(5769,34,'VN06804','2020-04-27 00:00:00',0,'2020-04-09 08:53:21'),(5770,34,'VN06804','2020-05-04 00:00:00',0,'2020-04-09 08:53:21'),(5771,34,'VN06804','2020-05-11 00:00:00',0,'2020-04-09 08:53:21'),(5772,34,'VN06804','2020-05-18 00:00:00',45,'2020-04-09 08:53:21'),(5773,34,'VN06804','2020-05-25 00:00:00',45,'2020-04-09 08:53:21'),(5774,34,'VN06804','2020-06-01 00:00:00',45,'2020-04-09 08:53:21'),(5775,34,'VN07325','2020-04-13 00:00:00',45,'2020-04-09 08:53:21'),(5776,34,'VN07325','2020-04-20 00:00:00',45,'2020-04-09 08:53:21'),(5777,34,'VN07325','2020-04-27 00:00:00',45,'2020-04-09 08:53:21'),(5778,34,'VN07325','2020-05-04 00:00:00',45,'2020-04-09 08:53:21'),(5779,34,'VN07325','2020-05-11 00:00:00',45,'2020-04-09 08:53:21'),(5780,34,'VN07325','2020-05-18 00:00:00',45,'2020-04-09 08:53:21'),(5781,34,'VN07325','2020-05-25 00:00:00',45,'2020-04-09 08:53:21'),(5782,34,'VN07325','2020-06-01 00:00:00',45,'2020-04-09 08:53:21'),(5783,34,'vn05672','2020-04-13 00:00:00',20,'2020-04-09 08:53:21'),(5784,34,'vn05672','2020-04-20 00:00:00',20,'2020-04-09 08:53:21'),(5785,34,'vn05672','2020-04-27 00:00:00',20,'2020-04-09 08:53:21'),(5786,34,'vn05672','2020-05-04 00:00:00',20,'2020-04-09 08:53:21'),(5787,34,'vn05672','2020-05-11 00:00:00',20,'2020-04-09 08:53:21'),(5788,34,'vn05672','2020-05-18 00:00:00',20,'2020-04-09 08:53:21'),(5789,34,'vn05672','2020-05-25 00:00:00',20,'2020-04-09 08:53:21'),(5790,34,'vn05672','2020-06-01 00:00:00',20,'2020-04-09 08:53:21'),(5810,23,'1242198','2020-03-30 00:00:00',5,'2020-04-10 18:04:12'),(5811,23,'1242198','2020-04-06 00:00:00',5,'2020-04-10 18:04:12'),(5812,23,'1242198','2020-04-13 00:00:00',5,'2020-04-10 18:04:12'),(5813,23,'vn07098','2020-03-30 00:00:00',45,'2020-04-10 18:04:12'),(5814,23,'vn07098','2020-04-06 00:00:00',45,'2020-04-10 18:04:12'),(5815,23,'vn07098','2020-04-13 00:00:00',45,'2020-04-10 18:04:12'),(5816,23,'VN06804','2020-03-30 00:00:00',25,'2020-04-10 18:04:12'),(5817,23,'VN06804','2020-04-06 00:00:00',25,'2020-04-10 18:04:12'),(5818,23,'VN06804','2020-04-13 00:00:00',25,'2020-04-10 18:04:12'),(5819,23,'vn05672','2020-03-30 00:00:00',10,'2020-04-10 18:04:12'),(5820,23,'vn05672','2020-04-06 00:00:00',10,'2020-04-10 18:04:12'),(5821,23,'vn05672','2020-04-13 00:00:00',10,'2020-04-10 18:04:12'),(5912,39,'UPDATE1','2020-04-20 00:00:00',7,'2020-04-12 11:42:02'),(5913,39,'UPDATE1','2020-04-27 00:00:00',7,'2020-04-12 11:42:02'),(5914,39,'UPDATE1','2020-05-04 00:00:00',7,'2020-04-12 11:42:02'),(5915,39,'UPDATE1','2020-05-11 00:00:00',7,'2020-04-12 11:42:02'),(5916,39,'UPDATE1','2020-05-18 00:00:00',7,'2020-04-12 11:42:02'),(5917,39,'UPDATE1','2020-05-25 00:00:00',7,'2020-04-12 11:42:02'),(5918,39,'UPDATE1','2020-06-01 00:00:00',7,'2020-04-12 11:42:02'),(5919,39,'UPDATE1','2020-06-08 00:00:00',7,'2020-04-12 11:42:02'),(5920,39,'UPDATE1','2020-06-15 00:00:00',7,'2020-04-12 11:42:02'),(5921,39,'UPDATE1','2020-06-22 00:00:00',7,'2020-04-12 11:42:02'),(5922,39,'UPDATE1','2020-06-29 00:00:00',7,'2020-04-12 11:42:02'),(5923,39,'UPDATE1','2020-07-06 00:00:00',7,'2020-04-12 11:42:02'),(5924,39,'VN05861','2020-04-20 00:00:00',25,'2020-04-12 11:42:02'),(5925,39,'VN05861','2020-04-27 00:00:00',25,'2020-04-12 11:42:02'),(5926,39,'VN05861','2020-05-04 00:00:00',25,'2020-04-12 11:42:02'),(5927,39,'VN05861','2020-05-11 00:00:00',25,'2020-04-12 11:42:02'),(5928,39,'VN05861','2020-05-18 00:00:00',25,'2020-04-12 11:42:02'),(5929,39,'VN05861','2020-05-25 00:00:00',25,'2020-04-12 11:42:02'),(5930,39,'VN05861','2020-06-01 00:00:00',25,'2020-04-12 11:42:02'),(5931,39,'VN05861','2020-06-08 00:00:00',25,'2020-04-12 11:42:02'),(5932,39,'VN05861','2020-06-15 00:00:00',25,'2020-04-12 11:42:02'),(5933,39,'VN05861','2020-06-22 00:00:00',25,'2020-04-12 11:42:02'),(5934,39,'VN05861','2020-06-29 00:00:00',25,'2020-04-12 11:42:02'),(5935,39,'VN05861','2020-07-06 00:00:00',25,'2020-04-12 11:42:02'),(5936,39,'VN06344','2020-04-20 00:00:00',30,'2020-04-12 11:42:02'),(5937,39,'VN06344','2020-04-27 00:00:00',30,'2020-04-12 11:42:02'),(5938,39,'VN06344','2020-05-04 00:00:00',30,'2020-04-12 11:42:02'),(5939,39,'VN06344','2020-05-11 00:00:00',30,'2020-04-12 11:42:02'),(5940,39,'VN06344','2020-05-18 00:00:00',30,'2020-04-12 11:42:02'),(5941,39,'VN06344','2020-05-25 00:00:00',45,'2020-04-12 11:42:02'),(5942,39,'VN06344','2020-06-01 00:00:00',45,'2020-04-12 11:42:02'),(5943,39,'VN06344','2020-06-08 00:00:00',45,'2020-04-12 11:42:02'),(5944,39,'VN06344','2020-06-15 00:00:00',45,'2020-04-12 11:42:02'),(5945,39,'VN06344','2020-06-22 00:00:00',45,'2020-04-12 11:42:02'),(5946,39,'VN06344','2020-06-29 00:00:00',45,'2020-04-12 11:42:02'),(5947,39,'VN06344','2020-07-06 00:00:00',45,'2020-04-12 11:42:02'),(5948,39,'vn03895','2020-04-20 00:00:00',5,'2020-04-12 11:42:02'),(5949,39,'vn03895','2020-04-27 00:00:00',5,'2020-04-12 11:42:02'),(5950,39,'vn03895','2020-05-04 00:00:00',5,'2020-04-12 11:42:02'),(5951,39,'vn03895','2020-05-11 00:00:00',5,'2020-04-12 11:42:02'),(5952,39,'vn03895','2020-05-18 00:00:00',5,'2020-04-12 11:42:02'),(5953,39,'vn03895','2020-05-25 00:00:00',5,'2020-04-12 11:42:02'),(5954,39,'vn03895','2020-06-01 00:00:00',5,'2020-04-12 11:42:02'),(5955,39,'vn03895','2020-06-08 00:00:00',5,'2020-04-12 11:42:02'),(5956,39,'vn03895','2020-06-15 00:00:00',5,'2020-04-12 11:42:02'),(5957,39,'vn03895','2020-06-22 00:00:00',5,'2020-04-12 11:42:02'),(5958,39,'vn03895','2020-06-29 00:00:00',5,'2020-04-12 11:42:02'),(5959,39,'vn03895','2020-07-06 00:00:00',5,'2020-04-12 11:42:02'),(5960,40,'1242198','2020-04-20 00:00:00',5,'2020-04-13 09:11:34'),(5961,40,'1242198','2020-04-27 00:00:00',5,'2020-04-13 09:11:34'),(5962,40,'1242198','2020-05-04 00:00:00',5,'2020-04-13 09:11:34'),(5963,40,'1242198','2020-05-11 00:00:00',5,'2020-04-13 09:11:34'),(5964,40,'1242198','2020-05-18 00:00:00',5,'2020-04-13 09:11:34'),(5965,40,'1242198','2020-05-25 00:00:00',5,'2020-04-13 09:11:34'),(5966,40,'1242198','2020-06-01 00:00:00',5,'2020-04-13 09:11:34'),(5967,40,'1242198','2020-06-08 00:00:00',5,'2020-04-13 09:11:34'),(5968,40,'1242198','2020-06-15 00:00:00',5,'2020-04-13 09:11:34'),(5969,40,'1242198','2020-06-22 00:00:00',5,'2020-04-13 09:11:34'),(5970,40,'1242198','2020-06-29 00:00:00',5,'2020-04-13 09:11:34'),(5971,40,'1242198','2020-07-06 00:00:00',5,'2020-04-13 09:11:34'),(5972,40,'vn07098','2020-04-20 00:00:00',25,'2020-04-13 09:11:34'),(5973,40,'vn07098','2020-04-27 00:00:00',25,'2020-04-13 09:11:34'),(5974,40,'vn07098','2020-05-04 00:00:00',25,'2020-04-13 09:11:34'),(5975,40,'vn07098','2020-05-11 00:00:00',25,'2020-04-13 09:11:34'),(5976,40,'vn07098','2020-05-18 00:00:00',25,'2020-04-13 09:11:34'),(5977,40,'vn07098','2020-05-25 00:00:00',25,'2020-04-13 09:11:34'),(5978,40,'vn07098','2020-06-01 00:00:00',25,'2020-04-13 09:11:34'),(5979,40,'vn07098','2020-06-08 00:00:00',25,'2020-04-13 09:11:34'),(5980,40,'vn07098','2020-06-15 00:00:00',25,'2020-04-13 09:11:34'),(5981,40,'vn07098','2020-06-22 00:00:00',25,'2020-04-13 09:11:34'),(5982,40,'vn07098','2020-06-29 00:00:00',25,'2020-04-13 09:11:34'),(5983,40,'vn07098','2020-07-06 00:00:00',25,'2020-04-13 09:11:34'),(5984,40,'VN06804','2020-04-20 00:00:00',0,'2020-04-13 09:11:34'),(5985,40,'VN06804','2020-04-27 00:00:00',0,'2020-04-13 09:11:34'),(5986,40,'VN06804','2020-05-04 00:00:00',0,'2020-04-13 09:11:34'),(5987,40,'VN06804','2020-05-11 00:00:00',0,'2020-04-13 09:11:34'),(5988,40,'VN06804','2020-05-18 00:00:00',0,'2020-04-13 09:11:34'),(5989,40,'VN06804','2020-05-25 00:00:00',0,'2020-04-13 09:11:34'),(5990,40,'VN06804','2020-06-01 00:00:00',45,'2020-04-13 09:11:34'),(5991,40,'VN06804','2020-06-08 00:00:00',45,'2020-04-13 09:11:34'),(5992,40,'VN06804','2020-06-15 00:00:00',45,'2020-04-13 09:11:34'),(5993,40,'VN06804','2020-06-22 00:00:00',45,'2020-04-13 09:11:34'),(5994,40,'VN06804','2020-06-29 00:00:00',45,'2020-04-13 09:11:34'),(5995,40,'VN06804','2020-07-06 00:00:00',45,'2020-04-13 09:11:34'),(5996,40,'vn05672','2020-04-20 00:00:00',10,'2020-04-13 09:11:34'),(5997,40,'vn05672','2020-04-27 00:00:00',10,'2020-04-13 09:11:34'),(5998,40,'vn05672','2020-05-04 00:00:00',10,'2020-04-13 09:11:34'),(5999,40,'vn05672','2020-05-11 00:00:00',10,'2020-04-13 09:11:34'),(6000,40,'vn05672','2020-05-18 00:00:00',10,'2020-04-13 09:11:34'),(6001,40,'vn05672','2020-05-25 00:00:00',10,'2020-04-13 09:11:34'),(6002,40,'vn05672','2020-06-01 00:00:00',10,'2020-04-13 09:11:34'),(6003,40,'vn05672','2020-06-08 00:00:00',10,'2020-04-13 09:11:34'),(6004,40,'vn05672','2020-06-15 00:00:00',10,'2020-04-13 09:11:34'),(6005,40,'vn05672','2020-06-22 00:00:00',10,'2020-04-13 09:11:34'),(6006,40,'vn05672','2020-06-29 00:00:00',10,'2020-04-13 09:11:34'),(6007,40,'vn05672','2020-07-06 00:00:00',10,'2020-04-13 09:11:34'),(6008,41,'1242198','2020-04-20 00:00:00',5,'2020-04-14 14:23:32'),(6009,41,'1242198','2020-04-27 00:00:00',5,'2020-04-14 14:23:32'),(6010,41,'1242198','2020-05-04 00:00:00',5,'2020-04-14 14:23:32'),(6011,41,'1242198','2020-05-11 00:00:00',5,'2020-04-14 14:23:32'),(6012,41,'1242198','2020-05-18 00:00:00',5,'2020-04-14 14:23:32'),(6013,41,'1242198','2020-05-25 00:00:00',5,'2020-04-14 14:23:32'),(6014,41,'1242198','2020-06-01 00:00:00',5,'2020-04-14 14:23:32'),(6015,41,'1242198','2020-06-08 00:00:00',5,'2020-04-14 14:23:32'),(6016,41,'1242198','2020-06-15 00:00:00',5,'2020-04-14 14:23:32'),(6017,41,'1242198','2020-06-22 00:00:00',5,'2020-04-14 14:23:32'),(6018,41,'1242198','2020-06-29 00:00:00',5,'2020-04-14 14:23:32'),(6019,41,'1242198','2020-07-06 00:00:00',5,'2020-04-14 14:23:32'),(6020,41,'vn03616','2020-04-20 00:00:00',45,'2020-04-14 14:23:32'),(6021,41,'vn03616','2020-04-27 00:00:00',45,'2020-04-14 14:23:32'),(6022,41,'vn03616','2020-05-04 00:00:00',45,'2020-04-14 14:23:32'),(6023,41,'vn03616','2020-05-11 00:00:00',45,'2020-04-14 14:23:32'),(6024,41,'vn03616','2020-05-18 00:00:00',45,'2020-04-14 14:23:32'),(6025,41,'vn03616','2020-05-25 00:00:00',45,'2020-04-14 14:23:32'),(6026,41,'vn03616','2020-06-01 00:00:00',45,'2020-04-14 14:23:32'),(6027,41,'vn03616','2020-06-08 00:00:00',45,'2020-04-14 14:23:32'),(6028,41,'vn03616','2020-06-15 00:00:00',45,'2020-04-14 14:23:32'),(6029,41,'vn03616','2020-06-22 00:00:00',45,'2020-04-14 14:23:32'),(6030,41,'vn03616','2020-06-29 00:00:00',45,'2020-04-14 14:23:32'),(6031,41,'vn03616','2020-07-06 00:00:00',45,'2020-04-14 14:23:32'),(6032,41,'VN06804','2020-04-20 00:00:00',0,'2020-04-14 14:23:32'),(6033,41,'VN06804','2020-04-27 00:00:00',0,'2020-04-14 14:23:32'),(6034,41,'VN06804','2020-05-04 00:00:00',0,'2020-04-14 14:23:32'),(6035,41,'VN06804','2020-05-11 00:00:00',0,'2020-04-14 14:23:32'),(6036,41,'VN06804','2020-05-18 00:00:00',45,'2020-04-14 14:23:32'),(6037,41,'VN06804','2020-05-25 00:00:00',45,'2020-04-14 14:23:32'),(6038,41,'VN06804','2020-06-01 00:00:00',45,'2020-04-14 14:23:32'),(6039,41,'VN06804','2020-06-08 00:00:00',45,'2020-04-14 14:23:32'),(6040,41,'VN06804','2020-06-15 00:00:00',45,'2020-04-14 14:23:32'),(6041,41,'VN06804','2020-06-22 00:00:00',45,'2020-04-14 14:23:32'),(6042,41,'VN06804','2020-06-29 00:00:00',45,'2020-04-14 14:23:32'),(6043,41,'VN06804','2020-07-06 00:00:00',45,'2020-04-14 14:23:32'),(6044,41,'vn05672','2020-04-20 00:00:00',10,'2020-04-14 14:23:32'),(6045,41,'vn05672','2020-04-27 00:00:00',10,'2020-04-14 14:23:32'),(6046,41,'vn05672','2020-05-04 00:00:00',10,'2020-04-14 14:23:32'),(6047,41,'vn05672','2020-05-11 00:00:00',10,'2020-04-14 14:23:32'),(6048,41,'vn05672','2020-05-18 00:00:00',10,'2020-04-14 14:23:32'),(6049,41,'vn05672','2020-05-25 00:00:00',10,'2020-04-14 14:23:32'),(6050,41,'vn05672','2020-06-01 00:00:00',10,'2020-04-14 14:23:32'),(6051,41,'vn05672','2020-06-08 00:00:00',10,'2020-04-14 14:23:32'),(6052,41,'vn05672','2020-06-15 00:00:00',10,'2020-04-14 14:23:32'),(6053,41,'vn05672','2020-06-22 00:00:00',10,'2020-04-14 14:23:32'),(6054,41,'vn05672','2020-06-29 00:00:00',10,'2020-04-14 14:23:32'),(6055,41,'vn05672','2020-07-06 00:00:00',10,'2020-04-14 14:23:32'),(6056,42,'1242198','2020-04-20 00:00:00',5,'2020-04-15 12:08:34'),(6057,42,'1242198','2020-04-27 00:00:00',5,'2020-04-15 12:08:34'),(6058,42,'1242198','2020-05-04 00:00:00',5,'2020-04-15 12:08:34'),(6059,42,'1242198','2020-05-11 00:00:00',5,'2020-04-15 12:08:34'),(6060,42,'1242198','2020-05-18 00:00:00',5,'2020-04-15 12:08:34'),(6061,42,'1242198','2020-05-25 00:00:00',5,'2020-04-15 12:08:34'),(6062,42,'1242198','2020-06-01 00:00:00',5,'2020-04-15 12:08:35'),(6063,42,'1242198','2020-06-08 00:00:00',5,'2020-04-15 12:08:35'),(6064,42,'1242198','2020-06-15 00:00:00',5,'2020-04-15 12:08:35'),(6065,42,'1242198','2020-06-22 00:00:00',5,'2020-04-15 12:08:35'),(6066,42,'1242198','2020-06-29 00:00:00',5,'2020-04-15 12:08:35'),(6067,42,'1242198','2020-07-06 00:00:00',5,'2020-04-15 12:08:35'),(6068,42,'vn07098','2020-04-20 00:00:00',25,'2020-04-15 12:08:35'),(6069,42,'vn07098','2020-04-27 00:00:00',25,'2020-04-15 12:08:35'),(6070,42,'vn07098','2020-05-04 00:00:00',25,'2020-04-15 12:08:35'),(6071,42,'vn07098','2020-05-11 00:00:00',25,'2020-04-15 12:08:35'),(6072,42,'vn07098','2020-05-18 00:00:00',25,'2020-04-15 12:08:35'),(6073,42,'vn07098','2020-05-25 00:00:00',25,'2020-04-15 12:08:35'),(6074,42,'vn07098','2020-06-01 00:00:00',25,'2020-04-15 12:08:35'),(6075,42,'vn07098','2020-06-08 00:00:00',25,'2020-04-15 12:08:35'),(6076,42,'vn07098','2020-06-15 00:00:00',25,'2020-04-15 12:08:35'),(6077,42,'vn07098','2020-06-22 00:00:00',25,'2020-04-15 12:08:35'),(6078,42,'vn07098','2020-06-29 00:00:00',25,'2020-04-15 12:08:35'),(6079,42,'vn07098','2020-07-06 00:00:00',25,'2020-04-15 12:08:35'),(6080,42,'VN06804','2020-04-20 00:00:00',0,'2020-04-15 12:08:35'),(6081,42,'VN06804','2020-04-27 00:00:00',0,'2020-04-15 12:08:35'),(6082,42,'VN06804','2020-05-04 00:00:00',0,'2020-04-15 12:08:35'),(6083,42,'VN06804','2020-05-11 00:00:00',45,'2020-04-15 12:08:35'),(6084,42,'VN06804','2020-05-18 00:00:00',45,'2020-04-15 12:08:35'),(6085,42,'VN06804','2020-05-25 00:00:00',45,'2020-04-15 12:08:35'),(6086,42,'VN06804','2020-06-01 00:00:00',45,'2020-04-15 12:08:35'),(6087,42,'VN06804','2020-06-08 00:00:00',45,'2020-04-15 12:08:35'),(6088,42,'VN06804','2020-06-15 00:00:00',45,'2020-04-15 12:08:35'),(6089,42,'VN06804','2020-06-22 00:00:00',45,'2020-04-15 12:08:35'),(6090,42,'VN06804','2020-06-29 00:00:00',45,'2020-04-15 12:08:35'),(6091,42,'VN06804','2020-07-06 00:00:00',45,'2020-04-15 12:08:35'),(6092,42,'vn05672','2020-04-20 00:00:00',10,'2020-04-15 12:08:35'),(6093,42,'vn05672','2020-04-27 00:00:00',10,'2020-04-15 12:08:35'),(6094,42,'vn05672','2020-05-04 00:00:00',10,'2020-04-15 12:08:35'),(6095,42,'vn05672','2020-05-11 00:00:00',10,'2020-04-15 12:08:35'),(6096,42,'vn05672','2020-05-18 00:00:00',10,'2020-04-15 12:08:35'),(6097,42,'vn05672','2020-05-25 00:00:00',10,'2020-04-15 12:08:35'),(6098,42,'vn05672','2020-06-01 00:00:00',10,'2020-04-15 12:08:35'),(6099,42,'vn05672','2020-06-08 00:00:00',10,'2020-04-15 12:08:35'),(6100,42,'vn05672','2020-06-15 00:00:00',10,'2020-04-15 12:08:35'),(6101,42,'vn05672','2020-06-22 00:00:00',10,'2020-04-15 12:08:35'),(6102,42,'vn05672','2020-06-29 00:00:00',10,'2020-04-15 12:08:35'),(6103,42,'vn05672','2020-07-06 00:00:00',10,'2020-04-15 12:08:35'),(6104,43,'1242198','2020-04-20 00:00:00',5,'2020-04-16 12:09:23'),(6105,43,'1242198','2020-04-27 00:00:00',5,'2020-04-16 12:09:23'),(6106,43,'1242198','2020-05-04 00:00:00',5,'2020-04-16 12:09:23'),(6107,43,'1242198','2020-05-11 00:00:00',5,'2020-04-16 12:09:23'),(6108,43,'1242198','2020-05-18 00:00:00',5,'2020-04-16 12:09:23'),(6109,43,'1242198','2020-05-25 00:00:00',5,'2020-04-16 12:09:23'),(6110,43,'1242198','2020-06-01 00:00:00',5,'2020-04-16 12:09:23'),(6111,43,'1242198','2020-06-08 00:00:00',5,'2020-04-16 12:09:23'),(6112,43,'1242198','2020-06-15 00:00:00',5,'2020-04-16 12:09:23'),(6113,43,'1242198','2020-06-22 00:00:00',5,'2020-04-16 12:09:23'),(6114,43,'1242198','2020-06-29 00:00:00',5,'2020-04-16 12:09:23'),(6115,43,'1242198','2020-07-06 00:00:00',5,'2020-04-16 12:09:23'),(6116,43,'1242198','2020-07-13 00:00:00',5,'2020-04-16 12:09:23'),(6117,43,'1242198','2020-07-20 00:00:00',5,'2020-04-16 12:09:23'),(6118,43,'1242198','2020-07-27 00:00:00',5,'2020-04-16 12:09:23'),(6119,43,'1242198','2020-08-03 00:00:00',5,'2020-04-16 12:09:23'),(6120,43,'1242198','2020-08-10 00:00:00',5,'2020-04-16 12:09:23'),(6121,43,'vn07098','2020-04-20 00:00:00',0,'2020-04-16 12:09:23'),(6122,43,'vn07098','2020-04-27 00:00:00',0,'2020-04-16 12:09:23'),(6123,43,'vn07098','2020-05-04 00:00:00',0,'2020-04-16 12:09:23'),(6124,43,'vn07098','2020-05-11 00:00:00',0,'2020-04-16 12:09:23'),(6125,43,'vn07098','2020-05-18 00:00:00',0,'2020-04-16 12:09:23'),(6126,43,'vn07098','2020-05-25 00:00:00',0,'2020-04-16 12:09:23'),(6127,43,'vn07098','2020-06-01 00:00:00',0,'2020-04-16 12:09:23'),(6128,43,'vn07098','2020-06-08 00:00:00',25,'2020-04-16 12:09:23'),(6129,43,'vn07098','2020-06-15 00:00:00',25,'2020-04-16 12:09:23'),(6130,43,'vn07098','2020-06-22 00:00:00',25,'2020-04-16 12:09:23'),(6131,43,'vn07098','2020-06-29 00:00:00',25,'2020-04-16 12:09:23'),(6132,43,'vn07098','2020-07-06 00:00:00',25,'2020-04-16 12:09:23'),(6133,43,'vn07098','2020-07-13 00:00:00',25,'2020-04-16 12:09:23'),(6134,43,'vn07098','2020-07-20 00:00:00',25,'2020-04-16 12:09:23'),(6135,43,'vn07098','2020-07-27 00:00:00',25,'2020-04-16 12:09:23'),(6136,43,'vn07098','2020-08-03 00:00:00',25,'2020-04-16 12:09:23'),(6137,43,'vn07098','2020-08-10 00:00:00',25,'2020-04-16 12:09:23'),(6138,43,'VN06804','2020-04-20 00:00:00',45,'2020-04-16 12:09:23'),(6139,43,'VN06804','2020-04-27 00:00:00',45,'2020-04-16 12:09:23'),(6140,43,'VN06804','2020-05-04 00:00:00',45,'2020-04-16 12:09:23'),(6141,43,'VN06804','2020-05-11 00:00:00',45,'2020-04-16 12:09:23'),(6142,43,'VN06804','2020-05-18 00:00:00',45,'2020-04-16 12:09:23'),(6143,43,'VN06804','2020-05-25 00:00:00',45,'2020-04-16 12:09:23'),(6144,43,'VN06804','2020-06-01 00:00:00',45,'2020-04-16 12:09:23'),(6145,43,'VN06804','2020-06-08 00:00:00',45,'2020-04-16 12:09:23'),(6146,43,'VN06804','2020-06-15 00:00:00',45,'2020-04-16 12:09:23'),(6147,43,'VN06804','2020-06-22 00:00:00',45,'2020-04-16 12:09:23'),(6148,43,'VN06804','2020-06-29 00:00:00',45,'2020-04-16 12:09:23'),(6149,43,'VN06804','2020-07-06 00:00:00',45,'2020-04-16 12:09:23'),(6150,43,'VN06804','2020-07-13 00:00:00',45,'2020-04-16 12:09:23'),(6151,43,'VN06804','2020-07-20 00:00:00',45,'2020-04-16 12:09:23'),(6152,43,'VN06804','2020-07-27 00:00:00',45,'2020-04-16 12:09:23'),(6153,43,'VN06804','2020-08-03 00:00:00',45,'2020-04-16 12:09:23'),(6154,43,'VN06804','2020-08-10 00:00:00',45,'2020-04-16 12:09:23'),(6155,43,'vn05672','2020-04-20 00:00:00',10,'2020-04-16 12:09:23'),(6156,43,'vn05672','2020-04-27 00:00:00',10,'2020-04-16 12:09:23'),(6157,43,'vn05672','2020-05-04 00:00:00',10,'2020-04-16 12:09:23'),(6158,43,'vn05672','2020-05-11 00:00:00',10,'2020-04-16 12:09:23'),(6159,43,'vn05672','2020-05-18 00:00:00',10,'2020-04-16 12:09:23'),(6160,43,'vn05672','2020-05-25 00:00:00',10,'2020-04-16 12:09:23'),(6161,43,'vn05672','2020-06-01 00:00:00',10,'2020-04-16 12:09:23'),(6162,43,'vn05672','2020-06-08 00:00:00',10,'2020-04-16 12:09:23'),(6163,43,'vn05672','2020-06-15 00:00:00',10,'2020-04-16 12:09:23'),(6164,43,'vn05672','2020-06-22 00:00:00',10,'2020-04-16 12:09:23'),(6165,43,'vn05672','2020-06-29 00:00:00',10,'2020-04-16 12:09:23'),(6166,43,'vn05672','2020-07-06 00:00:00',10,'2020-04-16 12:09:23'),(6167,43,'vn05672','2020-07-13 00:00:00',10,'2020-04-16 12:09:23'),(6168,43,'vn05672','2020-07-20 00:00:00',10,'2020-04-16 12:09:23'),(6169,43,'vn05672','2020-07-27 00:00:00',10,'2020-04-16 12:09:23'),(6170,43,'vn05672','2020-08-03 00:00:00',10,'2020-04-16 12:09:23'),(6171,43,'vn05672','2020-08-10 00:00:00',10,'2020-04-16 12:09:23'),(7540,38,'1242198','2020-04-06 00:00:00',5,'2020-04-16 21:25:34'),(7541,38,'1242198','2020-04-13 00:00:00',5,'2020-04-16 21:25:34'),(7542,38,'1242198','2020-04-20 00:00:00',5,'2020-04-16 21:25:34'),(7543,38,'1242198','2020-04-27 00:00:00',5,'2020-04-16 21:25:34'),(7544,38,'1242198','2020-05-04 00:00:00',5,'2020-04-16 21:25:34'),(7545,38,'1242198','2020-05-11 00:00:00',5,'2020-04-16 21:25:34'),(7546,38,'1242198','2020-05-18 00:00:00',5,'2020-04-16 21:25:34'),(7547,38,'1242198','2020-05-25 00:00:00',5,'2020-04-16 21:25:34'),(7548,38,'1242198','2020-06-01 00:00:00',5,'2020-04-16 21:25:34'),(7549,38,'1242198','2020-06-08 00:00:00',5,'2020-04-16 21:25:34'),(7550,38,'1242198','2020-06-15 00:00:00',5,'2020-04-16 21:25:34'),(7551,38,'1242198','2020-06-22 00:00:00',5,'2020-04-16 21:25:34'),(7552,38,'1242198','2020-06-29 00:00:00',5,'2020-04-16 21:25:34'),(7553,38,'1242198','2020-07-06 00:00:00',5,'2020-04-16 21:25:34'),(7554,38,'1242198','2020-07-13 00:00:00',5,'2020-04-16 21:25:34'),(7555,38,'1242198','2020-07-20 00:00:00',5,'2020-04-16 21:25:34'),(7556,38,'1242198','2020-07-27 00:00:00',5,'2020-04-16 21:25:34'),(7557,38,'1242198','2020-08-03 00:00:00',5,'2020-04-16 21:25:34'),(7558,38,'vn07098','2020-04-06 00:00:00',25,'2020-04-16 21:25:34'),(7559,38,'vn07098','2020-04-13 00:00:00',25,'2020-04-16 21:25:34'),(7560,38,'vn07098','2020-04-20 00:00:00',25,'2020-04-16 21:25:34'),(7561,38,'vn07098','2020-04-27 00:00:00',25,'2020-04-16 21:25:34'),(7562,38,'vn07098','2020-05-04 00:00:00',25,'2020-04-16 21:25:34'),(7563,38,'vn07098','2020-05-11 00:00:00',25,'2020-04-16 21:25:34'),(7564,38,'vn07098','2020-05-18 00:00:00',25,'2020-04-16 21:25:34'),(7565,38,'vn07098','2020-05-25 00:00:00',25,'2020-04-16 21:25:34'),(7566,38,'vn07098','2020-06-01 00:00:00',25,'2020-04-16 21:25:34'),(7567,38,'vn07098','2020-06-08 00:00:00',25,'2020-04-16 21:25:34'),(7568,38,'vn07098','2020-06-15 00:00:00',25,'2020-04-16 21:25:34'),(7569,38,'vn07098','2020-06-22 00:00:00',25,'2020-04-16 21:25:34'),(7570,38,'vn07098','2020-06-29 00:00:00',25,'2020-04-16 21:25:34'),(7571,38,'vn07098','2020-07-06 00:00:00',25,'2020-04-16 21:25:34'),(7572,38,'vn07098','2020-07-13 00:00:00',25,'2020-04-16 21:25:34'),(7573,38,'vn07098','2020-07-20 00:00:00',25,'2020-04-16 21:25:34'),(7574,38,'vn07098','2020-07-27 00:00:00',25,'2020-04-16 21:25:34'),(7575,38,'vn07098','2020-08-03 00:00:00',25,'2020-04-16 21:25:34'),(7576,38,'VN06804','2020-04-06 00:00:00',0,'2020-04-16 21:25:34'),(7577,38,'VN06804','2020-04-13 00:00:00',0,'2020-04-16 21:25:34'),(7578,38,'VN06804','2020-04-20 00:00:00',0,'2020-04-16 21:25:34'),(7579,38,'VN06804','2020-04-27 00:00:00',45,'2020-04-16 21:25:34'),(7580,38,'VN06804','2020-05-04 00:00:00',45,'2020-04-16 21:25:34'),(7581,38,'VN06804','2020-05-11 00:00:00',45,'2020-04-16 21:25:34'),(7582,38,'VN06804','2020-05-18 00:00:00',45,'2020-04-16 21:25:34'),(7583,38,'VN06804','2020-05-25 00:00:00',45,'2020-04-16 21:25:34'),(7584,38,'VN06804','2020-06-01 00:00:00',45,'2020-04-16 21:25:34'),(7585,38,'VN06804','2020-06-08 00:00:00',45,'2020-04-16 21:25:34'),(7586,38,'VN06804','2020-06-15 00:00:00',45,'2020-04-16 21:25:34'),(7587,38,'VN06804','2020-06-22 00:00:00',45,'2020-04-16 21:25:34'),(7588,38,'VN06804','2020-06-29 00:00:00',45,'2020-04-16 21:25:34'),(7589,38,'VN06804','2020-07-06 00:00:00',45,'2020-04-16 21:25:34'),(7590,38,'VN06804','2020-07-13 00:00:00',45,'2020-04-16 21:25:34'),(7591,38,'VN06804','2020-07-20 00:00:00',45,'2020-04-16 21:25:34'),(7592,38,'VN06804','2020-07-27 00:00:00',45,'2020-04-16 21:25:34'),(7593,38,'VN06804','2020-08-03 00:00:00',45,'2020-04-16 21:25:34'),(7594,38,'VN07325','2020-04-06 00:00:00',0,'2020-04-16 21:25:34'),(7595,38,'VN07325','2020-04-13 00:00:00',0,'2020-04-16 21:25:34'),(7596,38,'VN07325','2020-04-20 00:00:00',0,'2020-04-16 21:25:34'),(7597,38,'VN07325','2020-04-27 00:00:00',0,'2020-04-16 21:25:34'),(7598,38,'VN07325','2020-05-04 00:00:00',0,'2020-04-16 21:25:34'),(7599,38,'VN07325','2020-05-11 00:00:00',0,'2020-04-16 21:25:34'),(7600,38,'VN07325','2020-05-18 00:00:00',40,'2020-04-16 21:25:34'),(7601,38,'VN07325','2020-05-25 00:00:00',40,'2020-04-16 21:25:34'),(7602,38,'VN07325','2020-06-01 00:00:00',40,'2020-04-16 21:25:34'),(7603,38,'VN07325','2020-06-08 00:00:00',40,'2020-04-16 21:25:34'),(7604,38,'VN07325','2020-06-15 00:00:00',40,'2020-04-16 21:25:34'),(7605,38,'VN07325','2020-06-22 00:00:00',40,'2020-04-16 21:25:34'),(7606,38,'VN07325','2020-06-29 00:00:00',40,'2020-04-16 21:25:34'),(7607,38,'VN07325','2020-07-06 00:00:00',40,'2020-04-16 21:25:34'),(7608,38,'VN07325','2020-07-13 00:00:00',40,'2020-04-16 21:25:34'),(7609,38,'VN07325','2020-07-20 00:00:00',40,'2020-04-16 21:25:34'),(7610,38,'VN07325','2020-07-27 00:00:00',40,'2020-04-16 21:25:34'),(7611,38,'VN07325','2020-08-03 00:00:00',40,'2020-04-16 21:25:34'),(7612,38,'vn05672','2020-04-06 00:00:00',45,'2020-04-16 21:25:34'),(7613,38,'vn05672','2020-04-13 00:00:00',45,'2020-04-16 21:25:34'),(7614,38,'vn05672','2020-04-20 00:00:00',45,'2020-04-16 21:25:34'),(7615,38,'vn05672','2020-04-27 00:00:00',45,'2020-04-16 21:25:34'),(7616,38,'vn05672','2020-05-04 00:00:00',45,'2020-04-16 21:25:34'),(7617,38,'vn05672','2020-05-11 00:00:00',45,'2020-04-16 21:25:34'),(7618,38,'vn05672','2020-05-18 00:00:00',45,'2020-04-16 21:25:34'),(7619,38,'vn05672','2020-05-25 00:00:00',45,'2020-04-16 21:25:34'),(7620,38,'vn05672','2020-06-01 00:00:00',45,'2020-04-16 21:25:34'),(7621,38,'vn05672','2020-06-08 00:00:00',45,'2020-04-16 21:25:34'),(7622,38,'vn05672','2020-06-15 00:00:00',45,'2020-04-16 21:25:34'),(7623,38,'vn05672','2020-06-22 00:00:00',45,'2020-04-16 21:25:34'),(7624,38,'vn05672','2020-06-29 00:00:00',45,'2020-04-16 21:25:34'),(7625,38,'vn05672','2020-07-06 00:00:00',45,'2020-04-16 21:25:34'),(7626,38,'vn05672','2020-07-13 00:00:00',45,'2020-04-16 21:25:34'),(7627,38,'vn05672','2020-07-20 00:00:00',45,'2020-04-16 21:25:34'),(7628,38,'vn05672','2020-07-27 00:00:00',45,'2020-04-16 21:25:34'),(7629,38,'vn05672','2020-08-03 00:00:00',45,'2020-04-16 21:25:34'),(7630,38,'vn02185','2020-04-06 00:00:00',7,'2020-04-16 21:25:34'),(7631,38,'vn02185','2020-04-13 00:00:00',7,'2020-04-16 21:25:34'),(7632,38,'vn02185','2020-04-20 00:00:00',7,'2020-04-16 21:25:34'),(7633,38,'vn02185','2020-04-27 00:00:00',7,'2020-04-16 21:25:34'),(7634,38,'vn02185','2020-05-04 00:00:00',7,'2020-04-16 21:25:34'),(7635,38,'vn02185','2020-05-11 00:00:00',7,'2020-04-16 21:25:34'),(7636,38,'vn02185','2020-05-18 00:00:00',7,'2020-04-16 21:25:34'),(7637,38,'vn02185','2020-05-25 00:00:00',7,'2020-04-16 21:25:34'),(7638,38,'vn02185','2020-06-01 00:00:00',7,'2020-04-16 21:25:34'),(7639,38,'vn02185','2020-06-08 00:00:00',7,'2020-04-16 21:25:34'),(7640,38,'vn02185','2020-06-15 00:00:00',7,'2020-04-16 21:25:34'),(7641,38,'vn02185','2020-06-22 00:00:00',7,'2020-04-16 21:25:34'),(7642,38,'vn02185','2020-06-29 00:00:00',7,'2020-04-16 21:25:34'),(7643,38,'vn02185','2020-07-06 00:00:00',7,'2020-04-16 21:25:34'),(7644,38,'vn02185','2020-07-13 00:00:00',7,'2020-04-16 21:25:34'),(7645,38,'vn02185','2020-07-20 00:00:00',7,'2020-04-16 21:25:34'),(7646,38,'vn02185','2020-07-27 00:00:00',7,'2020-04-16 21:25:34'),(7647,38,'vn02185','2020-08-03 00:00:00',7,'2020-04-16 21:25:34');
/*!40000 ALTER TABLE `qagile_rfs_resourceLoading` ENABLE KEYS */;
UNLOCK TABLES;

--
-- Table structure for table `qagile_rfs_resourceLoading_weeks`
--

DROP TABLE IF EXISTS `qagile_rfs_resourceLoading_weeks`;
/*!40101 SET @saved_cs_client     = @@character_set_client */;
/*!50503 SET character_set_client = utf8mb4 */;
CREATE TABLE `qagile_rfs_resourceLoading_weeks` (
  `recordid` int NOT NULL AUTO_INCREMENT,
  `rfs_request_id` int DEFAULT NULL,
  `weekstart` datetime DEFAULT NULL,
  `numofweeks` int DEFAULT '0',
  PRIMARY KEY (`recordid`),
  UNIQUE KEY `uq` (`rfs_request_id`),
  KEY `fk_rl_weeks_rfs_id_idx` (`rfs_request_id`),
  CONSTRAINT `fk_rl_weeks_rfs_id` FOREIGN KEY (`rfs_request_id`) REFERENCES `qagile_rfs_request` (`rfs_request_id`)
) ENGINE=InnoDB AUTO_INCREMENT=98 DEFAULT CHARSET=utf8mb4 COLLATE=utf8mb4_0900_ai_ci;
/*!40101 SET character_set_client = @saved_cs_client */;

--
-- Dumping data for table `qagile_rfs_resourceLoading_weeks`
--

LOCK TABLES `qagile_rfs_resourceLoading_weeks` WRITE;
/*!40000 ALTER TABLE `qagile_rfs_resourceLoading_weeks` DISABLE KEYS */;
INSERT INTO `qagile_rfs_resourceLoading_weeks` VALUES (25,1,'2020-04-06 00:00:00',10),(41,9,'2020-03-02 00:00:00',32),(42,27,'2020-03-16 00:00:00',6),(43,2,'2020-03-23 00:00:00',4),(57,28,'2020-03-30 00:00:00',0),(58,32,'2020-04-20 00:00:00',8),(59,33,'2020-04-13 00:00:00',8),(60,34,'2020-04-13 00:00:00',8),(76,23,'2020-03-30 00:00:00',3),(78,39,'2020-04-20 00:00:00',12),(79,40,'2020-04-20 00:00:00',12),(80,41,'2020-04-20 00:00:00',12),(81,42,'2020-04-20 00:00:00',12),(82,43,'2020-04-20 00:00:00',17),(97,38,'2020-04-06 00:00:00',18);
/*!40000 ALTER TABLE `qagile_rfs_resourceLoading_weeks` ENABLE KEYS */;
UNLOCK TABLES;

--
-- Table structure for table `qagile_rfs_rfs`
--

DROP TABLE IF EXISTS `qagile_rfs_rfs`;
/*!40101 SET @saved_cs_client     = @@character_set_client */;
/*!50503 SET character_set_client = utf8mb4 */;
CREATE TABLE `qagile_rfs_rfs` (
  `rfs_id` int NOT NULL AUTO_INCREMENT,
  `rfs_request_id` int DEFAULT NULL,
  `rfs_estimate_id` int DEFAULT NULL,
  `rfs_resourceLoad_id` int DEFAULT NULL,
  `assumptions` mediumtext,
  `dependencies` mediumtext,
  `createDate` datetime DEFAULT CURRENT_TIMESTAMP,
  `rfs_status` int DEFAULT NULL,
  `confidence` varchar(1) DEFAULT NULL,
  PRIMARY KEY (`rfs_id`),
  KEY `fk_rfs_request_idx` (`rfs_request_id`),
  KEY `fk_rfs_status_idx` (`rfs_status`),
  CONSTRAINT `fk_rfs_request` FOREIGN KEY (`rfs_request_id`) REFERENCES `qagile_rfs_request` (`rfs_request_id`),
  CONSTRAINT `fk_rfs_status` FOREIGN KEY (`rfs_status`) REFERENCES `qagile_rfs_status` (`status_id`)
) ENGINE=InnoDB DEFAULT CHARSET=utf8mb4 COLLATE=utf8mb4_0900_ai_ci;
/*!40101 SET character_set_client = @saved_cs_client */;

--
-- Dumping data for table `qagile_rfs_rfs`
--

LOCK TABLES `qagile_rfs_rfs` WRITE;
/*!40000 ALTER TABLE `qagile_rfs_rfs` DISABLE KEYS */;
/*!40000 ALTER TABLE `qagile_rfs_rfs` ENABLE KEYS */;
UNLOCK TABLES;

--
-- Table structure for table `qagile_rfs_status`
--

DROP TABLE IF EXISTS `qagile_rfs_status`;
/*!40101 SET @saved_cs_client     = @@character_set_client */;
/*!50503 SET character_set_client = utf8mb4 */;
CREATE TABLE `qagile_rfs_status` (
  `status_id` int NOT NULL AUTO_INCREMENT,
  `status` varchar(45) DEFAULT NULL,
  PRIMARY KEY (`status_id`)
) ENGINE=InnoDB AUTO_INCREMENT=7 DEFAULT CHARSET=utf8mb4 COLLATE=utf8mb4_0900_ai_ci;
/*!40101 SET character_set_client = @saved_cs_client */;

--
-- Dumping data for table `qagile_rfs_status`
--

LOCK TABLES `qagile_rfs_status` WRITE;
/*!40000 ALTER TABLE `qagile_rfs_status` DISABLE KEYS */;
INSERT INTO `qagile_rfs_status` VALUES (1,'NEW'),(2,'DRAFT'),(3,'QA REVIEW'),(4,'PROJECT REVIEW'),(5,'APPROVED'),(6,'REJECTED');
/*!40000 ALTER TABLE `qagile_rfs_status` ENABLE KEYS */;
UNLOCK TABLES;

--
-- Table structure for table `qagile_rfs_wf_log`
--

DROP TABLE IF EXISTS `qagile_rfs_wf_log`;
/*!40101 SET @saved_cs_client     = @@character_set_client */;
/*!50503 SET character_set_client = utf8mb4 */;
CREATE TABLE `qagile_rfs_wf_log` (
  `record_id` int NOT NULL AUTO_INCREMENT,
  `rfs_request_id` int DEFAULT NULL,
  `rfs_status` varchar(45) DEFAULT NULL,
  `record_dt` datetime DEFAULT CURRENT_TIMESTAMP,
  PRIMARY KEY (`record_id`),
  KEY `fk_wf_rfs_id_idx` (`rfs_request_id`),
  CONSTRAINT `fk_wf_rfs_id` FOREIGN KEY (`rfs_request_id`) REFERENCES `qagile_rfs_request` (`rfs_request_id`)
) ENGINE=InnoDB AUTO_INCREMENT=89 DEFAULT CHARSET=utf8mb4 COLLATE=utf8mb4_0900_ai_ci;
/*!40101 SET character_set_client = @saved_cs_client */;

--
-- Dumping data for table `qagile_rfs_wf_log`
--

LOCK TABLES `qagile_rfs_wf_log` WRITE;
/*!40000 ALTER TABLE `qagile_rfs_wf_log` DISABLE KEYS */;
INSERT INTO `qagile_rfs_wf_log` VALUES (1,2,'NEW','2020-03-21 18:03:39'),(2,2,'SUBMITTED','2020-03-21 18:03:43'),(3,2,'NEW','2020-03-21 18:03:46'),(4,2,'NEW','2020-03-21 18:03:51'),(5,2,'SUBMITTED','2020-03-21 18:03:53'),(6,2,'APPROVED','2020-03-21 18:03:55'),(7,2,'APPROVED','2020-03-21 18:05:59'),(8,2,'APPROVED','2020-03-21 18:06:02'),(9,2,'APPROVED','2020-03-21 18:09:44'),(10,2,'NEW','2020-03-21 18:10:06'),(11,9,'NEW','2020-03-29 15:47:18'),(12,9,'NEW','2020-03-29 15:55:51'),(13,24,'NEW','2020-03-30 13:29:25'),(14,25,'NEW','2020-03-30 13:58:44'),(15,26,'NEW','2020-03-30 13:59:08'),(16,27,'NEW','2020-03-30 13:59:15'),(17,27,'NEW','2020-03-30 14:03:20'),(18,11,'SUBMITTED','2020-03-30 17:17:29'),(19,11,'NEW','2020-03-30 17:17:35'),(20,11,'SUBMITTED','2020-03-30 17:17:54'),(21,10,'NEW','2020-03-30 19:13:32'),(22,10,'SUBMITTED','2020-03-30 19:13:34'),(23,10,'APPROVED','2020-03-30 19:13:36'),(24,10,'NEW','2020-03-30 19:13:38'),(25,10,'SUBMITTED','2020-03-30 19:13:40'),(26,10,'NEW','2020-03-30 19:13:43'),(27,10,'SUBMITTED','2020-03-30 19:13:45'),(28,10,'NEW','2020-03-30 19:13:48'),(29,10,'SUBMITTED','2020-03-30 19:13:50'),(30,10,'SUBMITTED','2020-03-30 19:13:52'),(31,10,'APPROVED','2020-03-30 19:13:54'),(32,11,'NULL','2020-03-30 19:14:14'),(33,12,'NULL','2020-03-30 19:15:35'),(34,12,'NULL','2020-03-30 19:16:59'),(35,12,'NULL','2020-03-30 19:17:05'),(36,12,'NULL','2020-03-30 19:17:07'),(37,12,'NULL','2020-03-30 19:17:09'),(38,12,'NULL','2020-03-30 19:17:22'),(39,12,'NULL','2020-03-30 19:17:28'),(40,12,'NULL','2020-03-30 19:18:34'),(41,13,'NULL','2020-03-30 19:21:43'),(42,14,'None','2020-03-30 19:22:13'),(43,8,'SUBMITTED','2020-03-30 19:23:20'),(44,8,'NULL','2020-03-30 19:23:54'),(45,1,'NULL','2020-03-30 19:27:11'),(46,2,'NULL','2020-03-30 19:27:26'),(47,23,'NEW','2020-03-30 19:45:22'),(48,28,'NEW','2020-03-30 19:48:25'),(49,29,'NEW','2020-03-31 15:00:23'),(50,29,'NEW','2020-03-31 15:02:14'),(51,30,'NEW','2020-04-01 10:46:15'),(52,31,'NEW','2020-04-07 09:55:44'),(53,32,'NEW','2020-04-07 13:47:48'),(54,32,'NEW','2020-04-07 13:49:12'),(55,33,'NEW','2020-04-07 14:08:52'),(56,23,'NEW','2020-04-08 19:49:06'),(57,34,'NEW','2020-04-09 08:50:44'),(58,9,'NEW','2020-04-11 12:15:49'),(59,9,'NEW','2020-04-11 12:16:05'),(60,35,'NEW','2020-04-11 21:40:02'),(61,36,'NEW','2020-04-11 21:49:08'),(62,37,'NEW','2020-04-11 21:53:13'),(63,38,'NEW','2020-04-11 22:02:20'),(64,38,'NEW','2020-04-11 22:26:36'),(65,38,'NEW','2020-04-11 22:31:33'),(66,38,'NEW','2020-04-11 22:36:08'),(67,38,'NEW','2020-04-11 22:36:26'),(68,38,'NEW','2020-04-11 22:59:58'),(69,38,'NEW','2020-04-11 23:01:05'),(70,38,'NEW','2020-04-11 23:02:23'),(71,38,'NEW','2020-04-12 11:38:16'),(72,9,'NEW','2020-04-12 11:38:32'),(73,39,'NEW','2020-04-12 11:40:02'),(74,40,'NEW','2020-04-13 09:09:43'),(75,23,'SUBMITTED','2020-04-13 09:22:08'),(76,23,'APPROVED','2020-04-13 09:22:40'),(77,23,'NEW','2020-04-13 09:22:42'),(78,41,'NEW','2020-04-14 14:21:28'),(79,23,'SUBMITTED','2020-04-14 14:27:49'),(80,42,'NEW','2020-04-15 12:06:40'),(81,43,'NEW','2020-04-16 12:07:43'),(82,38,'NEW','2020-04-16 12:11:58'),(83,38,'NEW','2020-04-16 20:46:52'),(84,38,'NEW','2020-04-16 20:47:05'),(85,38,'NEW','2020-04-16 20:47:27'),(86,38,'NEW','2020-04-16 20:47:39'),(87,38,'NEW','2020-04-16 21:26:25'),(88,44,'NEW','2020-04-16 21:42:29');
/*!40000 ALTER TABLE `qagile_rfs_wf_log` ENABLE KEYS */;
UNLOCK TABLES;
/*!40103 SET TIME_ZONE=@OLD_TIME_ZONE */;

/*!40101 SET SQL_MODE=@OLD_SQL_MODE */;
/*!40014 SET FOREIGN_KEY_CHECKS=@OLD_FOREIGN_KEY_CHECKS */;
/*!40014 SET UNIQUE_CHECKS=@OLD_UNIQUE_CHECKS */;
/*!40101 SET CHARACTER_SET_CLIENT=@OLD_CHARACTER_SET_CLIENT */;
/*!40101 SET CHARACTER_SET_RESULTS=@OLD_CHARACTER_SET_RESULTS */;
/*!40101 SET COLLATION_CONNECTION=@OLD_COLLATION_CONNECTION */;
/*!40111 SET SQL_NOTES=@OLD_SQL_NOTES */;

-- Dump completed on 2020-04-16 22:04:09
